Fon Kodu,Risk Değeri,Fon Getiri (%),Fon Volatilite (%),Ölçüt Getiri (%),Ölçüt Volatilite (%),Negatif Gün Sayısı,Negatif Gün Oranı (%),Sharpe,Düzeltilmiş Sharpe,Beta,Alpha,Treynor,Sortino,RMD% (1 hafta),Downside Risk,Değişim Katsayısı
AAJ,4,30.3470,7.4538,55.8457,8.4639,97,39.11,3.6668,-2.3942,0.0245,0.1040,0.0000,4.2739,2.4425,4.9367,0.2727
AAK,4,22.3798,10.7967,37.0927,8.3226,109,43.95,1.9631,1.0621,1.0451,-0.0509,20.2808,2.5618,3.5379,7.3560,0.5094
AAL,1,59.6656,1.9602,55.0365,1.8129,0,0.00,24.3871,203.1106,0.7137,0.0628,66.9827,,0.6423,0.0000,0.0410
AAS,5,22.1690,19.2034,50.7014,1.6860,107,43.15,1.1599,1.0233,-0.8618,0.2317,-25.8464,1.4989,6.2927,13.1116,0.8621
AAV,6,-5.6704,24.5127,-1.6657,25.3838,128,51.61,-0.1195,-0.1235,0.9408,-0.0173,-3.1123,-0.1547,8.0325,18.4277,-8.3716
ABU,1,51.6202,1.9900,53.5454,1.7595,7,2.82,21.3660,130.7832,1.0002,-0.0051,42.5110,39.0361,0.6521,0.2832,0.0468
ACC,6,7.0319,24.1148,0.2371,24.2065,123,49.60,0.4088,0.3687,0.9736,0.0268,10.1248,0.5388,7.9021,17.5452,2.4463
ACD,5,26.7081,13.4182,19.7330,14.4043,106,42.74,1.8679,0.9758,0.8969,0.0303,27.9437,2.3947,4.3970,9.3746,0.5354
ACK,6,5.1735,21.4893,8.1642,22.8173,112,45.16,0.3476,0.3106,0.8957,-0.0081,8.3392,0.4362,7.0418,16.0594,2.8770
ACN,6,25.5103,4.4160,25.4538,4.6155,29,11.69,5.2736,-37.0809,0.6937,0.0284,33.5733,13.1956,1.4471,0.8482,0.1896
ACU,6,30.4340,4.3936,24.2252,4.6086,21,8.47,6.1947,-46.0106,0.6833,0.0477,39.8316,18.5207,1.4397,0.5539,0.1614
ACV,1,55.0609,1.8191,42.6755,1.0926,0,0.00,24.6329,199.7682,1.5856,-0.0505,28.2608,,0.5961,0.0000,0.0406
ACZ,6,0.2572,6.8025,2.0226,3.2868,1,10.00,1.0877,1.1979,1.1565,-0.2285,6.3982,,2.2291,3.5990,0.9193
ADE,1,55.3330,1.6495,53.5454,1.7595,1,0.40,27.2721,233.0597,0.8782,0.0259,51.2231,,0.5405,0.0049,0.0367
ADP,7,-3.8124,36.1131,-1.6926,35.7670,128,51.61,0.0712,0.0710,1.0094,-0.0085,2.5486,0.0988,11.8338,25.8663,14.0382
AE1,2,59.5517,2.0159,56.9223,1.5764,3,1.21,23.6767,181.9066,1.1417,-0.0191,41.8066,0.0000,0.6606,0.1195,0.0422
AE2,3,33.6695,6.8953,33.4657,5.1885,78,31.45,4.3308,-4.8087,1.1935,-0.0217,25.0207,4.4216,2.2595,4.4293,0.2309
AE3,5,20.1042,15.8509,61.9969,1.9835,113,45.56,1.2590,0.8228,-0.4236,0.1620,-47.1126,1.6348,5.1941,11.2684,0.7943
AEB,6,9.6132,24.4774,3.6765,22.8384,117,47.18,0.5057,0.4451,1.0571,0.0227,11.7105,0.6600,8.0209,17.8197,1.9773
AEC,3,42.2208,3.9442,40.8558,3.2264,55,22.18,9.1368,-27.3999,0.9450,0.0117,38.1344,9.1474,1.2925,2.1904,0.1094
AED,5,9.7118,16.2311,22.0496,14.0704,118,47.58,0.6640,0.5776,1.0734,-0.0481,10.0410,0.8736,5.3187,11.7876,1.5060
AEG,2,44.7864,4.1385,61.9969,1.9835,49,19.76,9.1511,-28.9363,0.8686,-0.0196,43.5994,8.5264,1.3561,2.3694,0.1093
AEH,6,-1.2616,24.7340,3.6765,22.8384,127,51.21,0.0722,0.0708,1.0520,-0.0192,1.6971,0.0940,8.1050,18.3473,13.8548
AEI,5,14.1918,14.5684,13.8887,11.6323,115,46.37,1.0027,0.5313,1.2246,-0.0098,11.9289,1.1900,4.7739,10.5455,0.9973
AEK,3,36.2180,6.5786,33.4657,5.1885,84,33.87,4.8293,-3.7228,1.1227,-0.0058,28.2980,5.3711,2.1557,4.0436,0.2071
AEL,6,31.0257,17.7223,25.3636,24.5516,64,46.72,2.9158,4.3914,0.5404,0.1088,95.6243,5.3718,5.8074,10.1564,0.3430
AEN,3,32.0372,7.7815,35.6966,6.0764,97,39.11,3.6848,-5.5570,1.2119,-0.0370,23.6596,4.0729,2.5499,5.3509,0.2714
AEP,5,22.8696,15.2323,,,113,45.56,1.4561,1.2490,,,,1.9170,4.9914,10.6553,0.6867
AEU,6,-0.0688,26.1941,4.8801,23.5938,125,50.40,0.1291,0.1255,1.0927,-0.0198,3.0954,0.1740,8.5835,19.2518,7.7445
AEY,5,17.6698,13.4129,13.8887,11.6323,118,47.58,1.3055,0.1261,1.1008,0.0086,15.9069,1.5371,4.3952,9.7871,0.7660
AEZ,5,12.5210,15.6198,22.6483,12.8888,117,47.18,0.8490,0.6825,1.1142,-0.0432,11.9014,1.0922,5.1184,11.3013,1.1779
AFJ,2,48.2720,3.8660,55.0789,8.4667,41,16.53,10.4220,-43.2036,0.0553,0.1500,0.0000,9.3618,1.2668,2.1020,0.0960
AFO,6,72.3426,19.5203,75.8721,22.0767,103,41.53,2.9449,3.8139,0.7978,0.0379,72.0598,4.6700,6.3965,11.6345,0.3396
AHI,6,7.4674,24.4362,-1.9661,26.8790,125,50.40,0.4234,0.3998,0.8733,0.0355,11.8461,0.5692,8.0074,17.8154,2.3620
AHJ,2,59.4270,1.9955,53.0919,1.5083,3,1.21,23.8788,181.8534,1.2069,-0.0192,39.4830,70.1799,0.6539,0.1390,0.0419
AHN,7,29.8760,4.7161,24.8395,4.6120,71,28.63,5.6813,-41.5236,0.8958,0.0255,29.9108,9.7904,1.5454,1.9197,0.1760
AHU,1,59.6054,1.8249,59.8370,1.6814,0,0.00,26.1723,226.0841,0.0932,0.1718,0.0000,,0.5980,0.0000,0.0382
AHV,4,23.7491,10.7372,,,79,31.85,2.0791,0.1908,,,,2.1011,3.5185,6.9192,0.4810
AHZ,5,17.4873,13.6470,18.2405,14.1234,51,20.56,1.2733,0.1981,0.1425,0.0587,0.0000,1.0657,4.4719,9.1271,0.7854
AIE,5,27.5305,13.8390,43.9351,1.3797,105,42.34,1.8630,0.9189,0.4104,0.0417,62.8161,2.2872,4.5348,9.8303,0.5368
AIG,4,28.8127,8.8649,62.0024,1.9838,52,20.97,2.9593,3.4126,0.8877,-0.0695,29.5538,3.5548,2.9049,4.7878,0.3379
AIH,7,5.9070,30.5511,21.5738,8.1434,139,56.05,0.3433,0.3530,-0.1768,0.0558,-59.3366,0.5654,10.0112,19.8961,2.9127
AII,5,32.8132,4.9663,22.9966,4.6020,67,27.02,5.8575,-26.9462,0.8892,0.0405,32.7160,7.6401,1.6274,2.3981,0.1707
AIM,7,15.2141,30.9340,21.5738,8.1434,140,56.45,0.6205,0.6666,-0.1544,0.0886,0.0000,1.0622,10.1367,19.6254,1.6116
AIP,5,24.4780,16.3689,45.3444,1.3727,104,41.94,1.4475,0.7035,0.1539,0.0707,0.0000,1.7393,5.3639,11.9265,0.6908
AIR,5,31.6509,5.2937,22.9966,4.6020,31,12.50,5.3287,-15.1260,0.7394,0.0497,38.1526,7.1311,1.7347,1.6390,0.1877
AIS,1,46.5630,1.7856,43.4086,1.3096,6,2.42,21.8688,119.4256,-0.0238,0.1584,0.0000,27.3472,0.5851,0.2963,0.0457
AJE,6,26.7711,4.6254,29.8098,6.1785,68,27.42,5.2574,-75.3506,0.4663,0.0469,52.1455,14.8070,1.5157,1.2115,0.1902
AJK,6,24.4033,4.6146,22.9966,4.6020,78,31.45,4.8525,-47.2231,0.9511,0.0087,23.5438,11.2712,1.5121,1.5534,0.2061
AJL,6,28.8739,4.5589,27.0104,4.4854,70,28.23,5.7021,-74.6460,0.9985,0.0061,26.0346,14.2343,1.4939,1.2569,0.1754
AJN,6,24.0261,4.6358,22.9966,4.6020,73,29.44,4.7636,-62.3672,1.0063,0.0029,21.9448,12.8559,1.5191,1.2965,0.2099
AJP,5,23.3633,15.7364,56.6125,8.4613,116,46.77,1.4407,0.8409,-0.0180,0.0933,0.0000,1.8778,5.1566,11.1038,0.6941
AJR,6,9.0542,23.3512,56.5628,8.3591,122,49.19,0.4964,0.4141,-0.0059,0.0471,0.0000,0.6250,7.6519,17.2833,2.0144
AJT,2,43.0615,3.8541,55.0789,8.4667,56,22.58,9.5058,-9.0761,0.0551,0.1355,0.0000,10.7479,1.2629,1.9492,0.1052
AJV,4,29.2010,12.4236,55.8457,8.4639,105,42.34,2.1671,1.0581,0.0045,0.1060,0.0000,2.8100,4.0711,8.4450,0.4614
AJY,5,27.0153,14.0360,43.1300,1.4558,102,41.13,1.8094,0.8968,0.4856,0.0302,52.2968,2.2405,4.5994,9.9354,0.5527
AJZ,5,21.8633,16.6440,44.1368,1.4849,106,42.74,1.2962,0.6028,0.2479,0.0489,87.0241,1.5279,5.4540,12.2319,0.7715
AK2,5,19.9458,11.3468,24.9611,7.3698,99,39.92,1.6926,0.0196,1.4520,-0.0564,13.2262,1.8022,3.7182,7.9162,0.5908
AK3,6,8.4749,24.0511,3.6765,22.8384,122,49.19,0.4659,0.4267,1.0337,0.0186,10.8407,0.6237,7.8812,17.4007,2.1463
AKE,6,28.2674,5.0852,31.2709,5.1079,72,29.03,5.0225,-0.5884,0.9209,-0.0006,27.7345,5.8598,1.6663,3.0097,0.1991
AKU,6,0.9814,25.5380,5.4490,24.1655,119,47.98,0.1675,0.1612,1.0567,-0.0180,4.0483,0.2217,8.3685,18.7776,5.9699
ALC,6,12.9849,23.1343,4.8801,23.5938,119,47.98,0.6547,0.5684,0.9634,0.0308,15.7216,0.8759,7.5808,16.7171,1.5274
ALE,1,59.1938,1.9375,57.9431,1.6480,0,0.00,24.5163,209.3010,1.1539,-0.0253,41.1649,,0.6349,0.0000,0.0408
ALI,6,-19.0910,25.4828,,,134,54.03,-0.7204,-0.7120,,,,-1.0903,8.3504,18.6676,-1.3880
ALJ,6,8.6624,22.1813,58.1460,8.4561,118,47.58,0.4936,0.4343,-0.0285,0.0488,0.0000,0.6499,7.2685,16.1401,2.0258
ALR,6,27.0227,16.0672,29.0968,12.7169,104,41.94,1.5996,1.5854,0.6929,0.0281,37.0914,2.1809,5.2650,10.7477,0.6252
ALS,5,20.1802,10.6407,,,113,45.56,1.8163,1.0967,,,,2.3388,3.4868,7.4017,0.5506
ALU,6,1.4489,25.2269,10.7002,19.1253,128,51.61,0.1854,0.1746,1.2965,-0.0443,3.6079,0.2364,8.2665,18.8193,5.3931
ALZ,2,60.5404,2.0267,52.5786,5.1482,3,1.21,23.8622,185.6554,0.1051,0.1739,0.0000,91.1075,0.6641,0.0924,0.0419
AMF,5,17.3814,13.9031,13.8887,11.6323,118,47.58,1.2461,0.6169,1.1647,0.0043,14.8749,1.5616,4.5559,9.8373,0.8025
AMG,6,29.8835,6.3812,32.7442,5.5462,80,32.26,4.2144,-2.0574,1.0274,-0.0118,26.1770,4.6218,2.0910,4.1621,0.2373
AMR,6,30.3584,4.3148,33.1576,4.2957,65,26.21,6.2936,-13.1306,0.8890,0.0043,30.5461,7.0730,1.4139,2.3719,0.1589
AMY,6,28.8520,16.5218,29.3581,12.7144,107,43.15,1.6484,1.6266,0.7109,0.0317,38.3131,2.2479,5.4140,11.0672,0.6066
AMZ,6,74.6675,16.8905,75.3499,22.0385,102,41.13,3.4564,4.9555,0.6467,0.0783,90.2703,5.6437,5.5348,9.7675,0.2893
AN1,5,49.5281,20.1158,61.9969,1.9835,104,41.94,2.1426,1.1962,0.9617,-0.0171,44.8151,2.7324,6.5917,13.2420,0.4667
ANE,4,19.6443,10.6149,28.0254,8.9247,111,44.76,1.7777,-0.1725,1.1053,-0.0375,17.0722,2.0891,3.4784,7.6705,0.5625
ANG,4,22.8435,9.6840,24.6422,6.9120,108,43.55,2.2170,-1.9146,1.1258,-0.0163,19.0702,2.5108,3.1733,6.9672,0.4511
ANJ,4,29.1049,12.4764,55.8457,8.4639,110,44.35,2.1524,1.0317,-0.0079,0.1080,0.0000,2.8228,4.0884,8.4161,0.4646
ANK,2,59.2520,2.0764,57.3439,1.5158,2,0.81,22.8957,152.1824,1.2097,-0.0336,39.2979,35.3605,0.6804,0.2696,0.0437
ANL,1,59.4323,1.9875,57.9431,1.6480,3,1.21,23.9773,192.8867,1.1670,-0.0271,40.8339,0.0000,0.6513,0.0631,0.0417
ANP,5,21.4302,15.8092,56.6125,8.4613,114,45.97,1.3328,0.8399,-0.0058,0.0847,0.0000,1.7359,5.1805,11.2291,0.7503
ANS,6,2.7646,24.0772,3.6765,22.8384,119,47.98,0.2370,0.2186,1.0322,-0.0032,5.5280,0.2933,7.8898,18.1740,4.2195
ANZ,6,29.4445,4.7278,22.9966,4.6020,63,25.40,5.5955,-55.9121,0.9592,0.0242,27.5800,10.9406,1.5492,1.6555,0.1787
APG,5,15.1568,15.7984,19.8127,15.4399,115,46.37,0.9904,1.0270,0.9776,-0.0141,16.0053,1.4238,5.1769,10.9004,1.0097
APP,6,48.7024,3.1431,33.0657,4.2098,44,17.74,12.9051,25.8841,0.1094,0.1483,0.0000,23.9612,1.0300,1.1905,0.0775
APT,3,33.8984,6.7980,36.4059,4.5775,60,24.19,4.4176,-12.8985,1.3480,-0.0509,22.2784,3.6668,2.2276,4.7281,0.2264
ARF,5,29.7479,9.4948,53.5454,1.7595,102,41.13,2.8472,0.2029,1.5249,-0.1578,17.7286,3.4847,3.1113,6.4302,0.3512
ARP,6,24.6549,21.6419,53.5454,8.4723,115,46.37,1.1472,1.1975,0.0159,0.0957,0.0000,1.7899,7.0918,14.4092,0.8717
ATJ,6,-7.0424,24.7082,53.5454,8.4723,128,51.61,-0.1770,-0.1863,-0.0159,-0.0146,0.0000,-0.2268,8.0965,18.6250,-5.6507
AUA,3,20.7792,15.3424,53.5454,1.7595,108,43.55,1.3325,1.2983,-0.2002,0.1159,0.0000,1.8141,5.0275,10.6887,0.7505
AUG,5,33.2485,4.7784,,,78,31.45,6.1560,2.5916,,,,9.7246,1.5658,2.3984,0.1624
AUT,3,44.0071,4.9760,58.1444,1.7344,69,27.82,7.5076,-5.0566,0.9063,-0.0201,41.2227,9.0597,1.6306,2.6501,0.1332
AVB,6,32.4948,6.2660,33.9192,6.1782,74,29.84,4.6152,-2.1401,0.9735,-0.0012,29.7061,5.0728,2.0533,3.8874,0.2167
AVC,7,-18.8819,26.1823,24.8643,18.1457,128,51.61,-0.6843,-0.6970,0.6318,-0.1321,-28.3578,-1.0119,8.5796,18.9401,-1.4613
AVD,5,30.3694,11.8515,34.9706,11.5112,108,43.55,2.3434,1.8547,1.0164,-0.0159,27.3250,3.1289,3.8836,7.9257,0.4267
AVE,6,7.2320,22.5366,61.9969,1.9835,116,46.77,0.4295,0.3812,-0.7492,0.1849,-12.9195,0.5562,7.3849,16.5607,2.3284
AVG,6,30.7891,4.8394,32.6365,4.9803,66,26.61,5.6859,-3.0640,0.9377,0.0014,29.3441,6.7907,1.5858,2.7119,0.1759
AVH,6,-4.9292,25.9648,-3.4609,25.8390,127,51.21,-0.0683,-0.0690,1.0048,-0.0061,-1.7638,-0.0930,8.5083,18.9584,-14.6513
AVJ,1,55.1036,1.8298,42.6755,1.0926,0,0.00,24.5042,195.8788,1.5947,-0.0517,28.1161,,0.5996,0.0000,0.0408
AVK,4,28.8777,6.2538,33.3964,5.3617,71,28.63,4.1722,-9.1809,1.1109,-0.0268,23.4862,3.8663,2.0493,4.2884,0.2397
AVL,2,59.4562,2.0423,56.9223,1.5764,3,1.21,23.3414,165.4897,1.1557,-0.0219,41.2485,82.0559,0.6692,0.2017,0.0428
AVN,4,27.7247,9.4550,23.2767,7.7128,101,40.73,2.6891,-0.2443,1.1831,-0.0008,21.4899,3.2326,3.0983,6.3873,0.3719
AVO,1,55.8904,1.8454,55.0897,1.3824,1,0.40,24.5765,208.9024,0.0305,0.1746,0.0000,,0.6047,0.0185,0.0407
AVP,4,27.5489,12.5329,61.9969,1.9835,107,43.15,2.0445,1.0421,-0.2127,0.1433,0.0000,2.6444,4.1069,8.6045,0.4891
AVT,1,55.6765,1.9951,51.8067,1.5866,3,1.21,22.6638,154.7640,0.2604,0.1354,0.0000,45.5091,0.6538,0.2319,0.0441
AVU,5,19.1039,6.9669,,,101,40.73,2.5958,1.7194,,,,3.4607,2.2830,4.5768,0.3852
AVY,5,31.7504,11.8245,34.9706,11.5112,107,43.15,2.4395,1.8826,1.0146,-0.0115,28.4307,3.2493,3.8747,7.8723,0.4099
AVZ,6,34.9043,4.9271,22.9966,4.6020,71,28.63,6.2275,-52.0177,0.9377,0.0428,32.7237,14.9486,1.6145,1.5501,0.1606
AYA,6,-0.9205,20.3789,-9.2429,28.7290,121,48.79,0.0560,0.0553,0.6485,0.0193,1.7603,0.0725,6.6779,15.2485,17.8532
AYJ,3,29.0655,6.1487,43.2304,1.3837,83,33.47,4.2665,0.9701,0.7716,-0.0083,33.9973,5.1770,2.0148,3.8452,0.2344
AYR,1,54.9727,1.8153,55.5061,1.3826,0,0.00,24.6515,213.9251,0.0436,0.1698,0.0000,,0.5949,0.0000,0.0406
AZA,3,36.1159,6.0220,32.0736,5.5309,78,31.45,5.2571,-10.6076,0.9394,0.0192,33.7004,5.4547,1.9733,3.8223,0.1902
AZD,6,30.2567,6.3505,32.7442,5.5462,81,32.66,4.2807,-1.6811,1.0242,-0.0103,26.5424,4.7731,2.0810,4.0973,0.2336
AZF,1,59.7397,1.9244,56.6509,1.6212,0,0.00,24.8650,215.7463,-0.1000,0.2081,0.0000,,0.6306,0.0000,0.0402
AZH,6,4.2887,24.5477,3.6765,22.8384,128,51.61,0.2982,0.2727,1.0494,0.0028,6.9757,0.3946,8.0440,18.1047,3.3534
AZJ,3,55.0388,5.4490,46.9081,5.2173,18,7.26,8.2447,18.9900,0.1708,0.1516,0.0000,8.7983,1.7856,1.6702,0.1213
AZK,3,35.3201,6.1660,32.0736,5.5309,78,31.45,5.0386,-4.7099,0.9808,0.0122,31.6772,5.5078,2.0205,3.8033,0.1985
AZL,2,58.6017,2.0110,54.9253,1.3739,3,1.21,23.4314,177.1286,1.0614,-0.0013,44.3950,76.5117,0.6590,0.1327,0.0427
AZM,6,7.2744,5.0226,7.7207,4.6261,10,22.73,8.2246,-0.6614,0.8954,0.0086,46.1349,9.0051,1.6458,2.6905,0.1216
AZS,4,27.2006,9.4470,24.5804,7.4386,102,41.13,2.6468,-0.2994,1.2326,-0.0119,20.2859,3.1672,3.0956,6.4298,0.3778
AZV,5,37.0074,8.2370,22.9966,4.6020,51,20.56,3.9428,-32.5958,0.5706,0.0808,56.9140,3.5985,2.6992,4.4206,0.2536
AZY,5,13.9834,10.3488,,,111,44.76,1.3423,1.2783,,,,1.8667,3.3912,7.2035,0.7450
BBH,6,0.7252,25.6660,3.6765,22.8384,126,50.81,0.1581,0.1516,1.0574,-0.0104,3.8365,0.2002,8.4104,19.2623,6.3265
BEE,4,15.4269,13.3169,29.0791,7.1646,113,45.56,1.1662,0.6944,1.7799,-0.1242,8.7254,1.4489,4.3638,9.6317,0.8575
BEF,4,24.4012,12.8193,43.9351,1.3797,103,41.53,1.8027,0.6856,0.6517,-0.0045,35.4602,2.1234,4.2007,9.3054,0.5547
BEH,6,-0.1549,24.9380,3.6765,22.8384,120,48.39,0.1193,0.1155,1.0801,-0.0152,2.7541,0.1530,8.1719,18.6334,8.3838
BEI,4,32.2086,7.1677,43.2304,1.3837,84,33.87,4.0122,1.7387,1.0500,-0.0388,27.3895,4.7835,2.3487,4.3630,0.2492
BEK,3,33.8348,5.6671,32.0736,5.5309,60,24.19,5.2781,-14.2953,0.8689,0.0203,34.4261,4.5782,1.8570,3.8264,0.1895
BEO,5,19.1360,16.1037,45.3444,1.3727,103,41.53,1.1907,0.6475,0.5276,-0.0039,36.3451,1.3549,5.2770,12.1247,0.8399
BGE,4,29.0689,8.6215,29.0791,7.1646,89,35.89,3.0643,0.4182,1.0885,-0.0088,24.2706,3.6414,2.8252,5.9036,0.3263
BGK,4,41.3685,3.7379,32.0736,5.5309,53,21.37,9.4746,-15.2093,0.2742,0.1095,0.0000,9.9350,1.2249,2.0638,0.1055
BKB,4,32.8404,5.9547,34.4287,5.1832,89,35.89,4.8977,-6.4869,0.9785,-0.0021,29.8045,9.2346,1.9513,2.6559,0.2042
BNA,7,77.6277,17.0354,73.0115,20.9654,98,39.52,3.5292,5.2892,0.6600,0.0862,91.0905,6.1596,5.5823,9.5496,0.2833
BNB,3,45.6737,5.0307,53.5454,1.7595,45,18.15,7.6603,-10.4516,0.7561,0.0215,50.9654,7.2057,1.6485,3.0780,0.1305
BNK,6,14.8271,14.1001,13.8887,11.6323,125,50.40,1.0713,0.6033,1.1835,-0.0056,12.7627,1.3717,4.6204,9.9575,0.9335
BNL,5,33.6092,8.2723,55.8457,8.4639,92,37.10,3.6169,2.4600,0.0230,0.1146,0.0000,4.7713,2.7107,5.3098,0.2765
BNS,4,34.6757,8.8509,30.5658,6.9455,91,36.69,3.4777,2.0133,0.8731,0.0270,35.2538,4.5512,2.9003,5.6993,0.2875
BNZ,5,27.7012,7.1811,43.2304,1.3837,96,38.71,3.5115,2.7773,0.6829,0.0006,36.9264,5.0317,2.3532,4.4335,0.2848
BPE,4,17.6047,19.6179,53.5454,1.7595,118,47.58,0.9418,0.8039,0.3454,0.0133,53.4853,1.1973,6.4285,14.0618,1.0618
BPF,4,27.9668,9.7804,32.0736,5.5309,98,39.52,2.6225,-0.4198,1.5113,-0.0694,16.9718,2.9074,3.2049,6.4956,0.3813
BPG,4,26.1071,9.3265,33.4657,5.1885,98,39.52,2.5852,-0.9112,1.6625,-0.0996,14.5028,2.7974,3.0562,6.3575,0.3868
BPH,7,0.1769,25.6505,3.6765,22.8384,125,50.40,0.1362,0.1317,1.0832,-0.0133,3.2243,0.1777,8.4053,19.0704,7.3445
BPI,6,7.3371,23.7079,58.1460,8.4561,121,48.79,0.4241,0.3733,-0.0055,0.0409,0.0000,0.5436,7.7688,17.4563,2.3582
BPJ,4,21.7827,16.1806,55.8457,8.4639,122,49.19,1.3241,0.8110,-0.0025,0.0855,0.0000,1.6811,5.3022,11.4090,0.7552
BPK,6,31.8276,3.6761,33.1576,4.2957,52,20.97,7.6914,-44.1517,0.8137,0.0175,34.7472,10.5287,1.2046,1.5351,0.1300
BPL,2,59.2276,2.0468,56.2684,1.5473,4,1.61,23.2190,171.1655,1.0427,-0.0001,45.5757,0.0000,0.6707,0.0956,0.0431
BPN,5,16.1725,19.2451,56.6125,8.4613,123,49.60,0.8915,0.6445,-0.0103,0.0700,0.0000,1.1392,6.3064,13.8082,1.1217
BPO,5,24.1525,16.4273,43.9351,1.3797,107,43.15,1.4265,0.9945,0.2034,0.0630,0.0000,1.8366,5.3830,11.6520,0.7010
BPR,2,41.1627,4.2026,55.0789,8.4667,58,23.39,8.3959,-21.8097,0.0302,0.1346,0.0000,8.4445,1.3772,2.4130,0.1191
BPS,6,21.0144,18.2133,45.3444,1.3727,108,43.55,1.1602,0.8417,0.2053,0.0527,0.0000,1.4763,5.9683,13.1290,0.8619
BPU,6,31.1275,5.2988,32.1114,5.5535,69,27.82,5.2471,-4.6758,0.8661,0.0121,32.1035,5.6081,1.7364,3.2587,0.1906
CFA,6,80.0417,16.4269,74.8523,20.9419,101,40.73,3.7380,5.4507,0.6505,0.0907,94.3972,6.3491,5.3829,9.2541,0.2675
CFB,2,57.2134,2.0181,52.5786,5.1482,3,1.21,22.9030,155.5952,0.1128,0.1640,0.0000,28.8654,0.6613,0.2300,0.0437
CFC,3,39.3305,5.3568,32.0782,5.6272,73,29.44,6.3481,-10.1973,0.8093,0.0432,42.0186,6.7670,1.7553,3.2101,0.1575
CFD,6,29.9797,4.9784,33.7570,4.9479,72,29.03,5.4012,-1.4674,0.9072,-0.0006,29.6393,6.5299,1.6313,2.8066,0.1851
CFE,3,29.7354,6.1866,43.2304,1.3837,78,31.45,4.3262,-2.1619,0.5672,0.0236,47.1845,4.6948,2.0273,4.1523,0.2311
CFY,1,54.1514,1.8057,38.2562,1.1085,0,0.00,24.4827,197.6824,1.0893,0.0325,40.5849,,0.5917,0.0000,0.0408
CGE,5,27.2688,12.0984,55.8449,1.7459,108,43.55,2.0950,0.8074,-0.0837,0.1156,0.0000,2.6717,3.9645,8.3823,0.4773
CGG,3,37.3485,5.1247,32.0736,5.5309,68,27.42,6.3476,-14.1303,0.7699,0.0419,42.2499,6.4706,1.6793,3.1088,0.1575
CHA,5,21.7464,12.6174,55.8457,8.4639,111,44.76,1.6548,1.0075,-0.0114,0.0849,0.0000,2.1641,4.1346,8.7758,0.6043
CHC,3,50.7251,2.4903,55.0789,8.4667,24,9.68,16.8354,17.8338,0.0480,0.1578,0.0000,18.9104,0.8160,0.8431,0.0594
CHD,6,16.9750,17.8535,45.3444,1.3727,100,40.32,0.9863,0.4953,-0.0823,0.0824,0.0000,1.1140,5.8504,13.6208,1.0139
CHG,6,-2.3861,24.6278,58.1460,8.4561,120,48.39,0.0241,0.0240,-0.0502,0.0118,-11.8504,0.0305,8.0702,18.6073,41.4081
CHH,6,0.9025,24.7392,2.9085,22.9550,128,51.61,0.1616,0.1546,1.0458,-0.0073,3.8217,0.2128,8.1067,18.2045,6.1896
CHI,5,22.2015,14.4600,43.9351,1.3797,103,41.53,1.4878,0.7685,0.3488,0.0339,61.6742,1.7884,4.7384,10.6099,0.6722
CHK,3,39.5647,5.3765,32.0736,5.5309,72,29.03,6.3569,-7.6554,0.8286,0.0417,41.2481,6.9685,1.7618,3.1274,0.1573
CHL,2,59.8000,2.0493,56.1761,1.5441,3,1.21,23.3690,179.6282,1.1299,-0.0141,42.3863,0.0000,0.6715,0.0686,0.0428
CHM,6,17.4324,15.5226,56.6114,1.7418,116,46.77,1.1344,0.6595,-0.0176,0.0731,0.0000,1.4189,5.0866,11.2412,0.8815
CHN,5,16.3734,13.4267,55.8449,1.7459,109,43.95,1.2197,0.9242,-0.1776,0.0969,-92.2298,1.5661,4.3998,9.5705,0.8199
CHO,6,14.5484,16.4591,56.6125,8.4613,119,47.98,0.9249,0.5755,-0.0270,0.0654,0.0000,1.1481,5.3934,12.0668,1.0812
CHS,4,28.1714,9.0319,27.2933,6.2547,107,43.15,2.8502,-1.1181,1.2226,-0.0183,21.0551,3.3963,2.9596,6.1321,0.3508
CHT,5,20.1768,13.5492,13.8887,11.6323,119,47.98,1.4523,0.6213,1.1185,0.0162,17.5928,1.8478,4.4399,9.4291,0.6886
CHU,4,22.4460,8.2246,55.8457,8.4639,104,41.94,2.5541,-0.4038,0.0189,0.0799,0.0000,3.0512,2.6951,5.6177,0.3915
DAH,6,0.2405,30.0726,5.2371,21.7858,124,50.00,0.1603,0.1526,1.3311,-0.0210,3.6218,0.1979,9.8544,22.7948,6.2378
DAI,6,31.3110,5.6184,24.2252,4.6086,27,10.89,4.9769,-7.6501,0.7972,0.0406,35.0760,5.7523,1.8411,2.1117,0.2009
DAT,6,30.5903,5.5700,24.2252,4.6086,35,14.11,4.9187,-4.3500,0.7633,0.0413,35.8918,8.5250,1.8252,1.6953,0.2033
DBA,6,72.7814,18.2849,74.8523,20.9419,106,42.74,3.1454,4.5295,0.7461,0.0528,77.0854,5.4047,5.9917,10.6079,0.3179
DBB,3,35.2496,6.1799,50.3523,2.8417,73,29.44,5.0188,-10.5664,1.2811,-0.0888,24.2110,4.9284,2.0251,4.0017,0.1992
DBG,7,35.4214,18.4134,29.8098,6.1785,56,22.58,1.7726,1.5566,0.9033,0.0334,36.1321,1.8963,6.0338,11.5547,0.5642
DBH,6,32.5702,5.9772,28.4425,5.5532,68,27.42,4.8449,-1.4903,0.9821,0.0147,29.4866,5.6646,1.9586,3.4376,0.2064
DBK,1,57.6851,1.9043,53.4913,1.4278,2,0.81,24.4324,190.8185,0.1248,0.1629,0.0000,87.9913,0.6240,0.1343,0.0409
DBP,6,26.9048,10.0990,53.5454,1.7595,99,39.92,2.4588,-0.0985,0.3301,0.0412,75.2168,2.7072,3.3093,7.1346,0.4067
DBZ,2,56.9661,1.8252,58.3866,1.8592,1,0.40,25.2340,210.2653,0.0170,0.1796,0.0000,,0.5981,0.0086,0.0396
DDC,6,64.0760,32.1464,53.5454,8.4723,55,22.18,1.7333,1.6857,-0.0121,0.2232,0.0000,1.9385,10.5340,21.6376,0.5769
DDE,5,29.7225,7.3555,24.2252,4.6086,43,17.34,3.6477,3.2439,0.7673,0.0387,34.9678,4.9650,2.4103,3.5181,0.2741
DDF,5,110.5122,36.9107,53.5454,8.4723,59,23.79,2.2336,-2.1174,-0.0139,0.3296,0.0000,2.8645,12.0952,16.8778,0.4477
DDS,6,-26.0870,79.9120,89.7178,12.7085,49,19.76,-0.0649,-0.0782,0.3736,-0.1187,-13.8777,-0.1702,26.1861,35.6728,-15.4127
DGH,1,58.2962,1.8708,50.7014,1.6860,0,0.00,25.0809,219.9695,1.0998,0.0034,42.6640,,0.6130,0.0000,0.0399
DJA,7,-25.6093,27.5647,-25.2893,27.7216,128,51.61,-0.9554,-1.1031,0.9942,-0.0025,-26.4893,-1.2512,9.0326,21.7411,-1.0467
DLY,1,58.9650,1.9925,55.3900,1.2212,1,0.40,23.7666,189.7183,1.3392,-0.0513,35.3586,,0.6529,0.0240,0.0421
DPB,6,37.6144,5.1767,22.9966,4.6020,62,25.00,6.3223,-18.4994,0.8022,0.0623,40.8001,7.6327,1.6964,2.5856,0.1582
DPC,5,32.1811,5.4961,24.2252,4.6086,30,12.10,5.2091,-7.6100,0.7780,0.0449,36.7984,7.6061,1.8010,1.7352,0.1920
DPE,5,31.3525,6.1816,24.2252,4.6086,36,14.52,4.5341,-1.3401,0.7527,0.0448,37.2362,4.6306,2.0256,2.8859,0.2206
DPG,5,34.9545,5.1416,24.2252,4.6086,23,9.27,5.9773,4.0689,0.5769,0.0710,53.2709,6.1794,1.6848,1.9508,0.1673
DPK,1,50.3819,1.7664,28.5336,3.1213,1,0.40,23.5936,127.7454,-0.1174,0.1773,0.0000,,0.5788,0.3149,0.0424
DPL,6,32.8562,5.9134,24.1570,4.6177,42,17.00,4.9534,-5.3829,0.7885,0.0465,37.1468,7.2243,1.9378,2.0304,0.2019
DPN,5,13.6829,6.0993,24.2252,4.6086,50,20.16,2.1758,-1.9887,0.8897,-0.0259,14.9155,2.4221,1.9987,3.4896,0.4596
DPP,5,24.0945,38.3059,24.2252,4.6086,63,25.40,0.7679,0.6113,0.0181,0.1151,0.0000,0.7031,12.5524,27.2090,1.3022
DPT,6,-9.5532,28.6080,-6.3864,27.2838,128,51.61,-0.2142,-0.2224,1.0475,-0.0119,-5.8500,-0.2912,9.3745,21.0584,-4.6686
DPZ,5,32.4801,5.9609,24.2252,4.6086,35,14.11,4.8461,-8.2159,0.8458,0.0400,34.1524,6.6069,1.9533,2.0212,0.2064
DSD,6,35.5145,8.0534,30.0893,8.6384,101,40.73,3.8923,5.0659,0.8926,0.0280,35.1169,8.1867,2.6390,3.7874,0.2569
DSP,4,34.1451,7.3211,53.5454,1.7595,87,35.08,4.1326,1.5576,0.4464,0.0425,67.7820,5.1292,2.3990,4.6682,0.2420
DZE,6,-2.6326,25.1781,0.9786,24.1109,123,49.60,0.0187,0.0186,1.0435,-0.0144,0.4520,0.0243,8.2506,18.8130,53.3891
EBD,5,31.3927,8.6859,61.9969,1.9835,99,39.92,3.2521,-1.6529,-0.1792,0.1471,0.0000,3.8366,2.8463,5.8831,0.3075
EC2,7,18.8690,27.7698,0.9786,24.1109,118,47.58,0.7746,0.6969,1.0468,0.0691,20.5500,1.0256,9.0998,19.9308,1.2910
ECA,6,22.3349,14.3414,22.4079,13.1335,113,45.56,1.5066,0.6282,1.0547,-0.0042,20.4867,1.8489,4.6995,10.1434,0.6638
ECB,1,57.9344,1.8891,57.2511,1.3500,0,0.00,24.7142,214.5083,1.1499,-0.0257,40.6010,,0.6190,0.0000,0.0405
ECV,2,52.6292,2.0493,52.6229,1.5895,5,2.02,21.0793,16.6394,0.3762,0.1069,0.0000,12.4476,0.6715,0.5771,0.0474
EHG,4,20.9304,12.6375,53.5454,1.7595,106,42.74,1.5981,0.6609,0.0120,0.0781,0.0000,1.8607,4.1411,9.1504,0.6257
EIB,3,46.7848,4.7212,53.5454,1.7595,62,25.00,8.3236,-15.8929,1.3207,-0.0736,29.7545,14.9792,1.5471,1.8175,0.1201
EIC,3,41.6429,5.0516,53.5454,1.7595,79,31.85,7.0612,2.4759,1.2857,-0.0819,27.7452,9.7341,1.6553,2.7310,0.1416
EID,6,3.0990,22.7489,1.8078,22.8465,113,45.56,0.2517,0.2267,0.9542,0.0059,6.0012,0.2984,7.4545,17.3753,3.9728
EIE,7,8.8107,17.5727,53.5454,1.7595,117,47.18,0.5785,0.4789,-0.2765,0.0884,-36.7719,0.7369,5.7584,12.9412,1.7285
EIF,5,33.6281,6.3478,37.6093,6.2094,94,37.90,4.6933,-3.4906,0.9414,-0.0042,31.6468,9.2760,2.0801,2.8413,0.2131
EIG,4,32.2297,6.8843,31.3589,5.5540,65,26.21,4.1770,-10.3922,1.0500,-0.0025,27.3865,3.4753,2.2559,4.8629,0.2394
EIH,6,8.8355,25.5143,3.6208,22.8386,122,49.19,0.4668,0.4213,1.0967,0.0201,10.8614,0.6151,8.3607,18.5459,2.1420
EIK,4,29.0934,5.5161,31.6749,5.0240,72,29.03,4.7530,-7.5524,1.0503,-0.0136,24.9629,5.4736,1.8076,3.1593,0.2104
EIL,2,59.8481,1.9305,61.9969,1.9835,1,0.40,24.8222,214.0529,0.9650,0.0014,49.6593,,0.6326,0.0339,0.0403
EKF,3,55.0044,1.8299,25.8248,3.3836,0,0.00,24.4674,197.9388,-0.1074,0.1877,0.0000,,0.5996,0.0000,0.0409
ELZ,6,13.5038,21.4690,12.5645,21.3093,112,45.16,0.7105,0.4933,0.9771,0.0048,15.6109,0.8286,7.0351,16.2993,1.4075
EST,4,23.4184,10.3210,28.1971,6.3016,108,43.55,2.1324,0.3353,1.4515,-0.0599,15.1627,2.6492,3.3820,7.0061,0.4690
FEA,3,55.1876,1.6916,59.8370,1.6814,0,0.00,26.5375,240.8928,0.0750,0.1639,0.0000,,0.5543,0.0000,0.0377
FEF,7,13.1718,16.1924,53.5454,8.4723,118,47.58,0.8611,0.6184,0.0010,0.0552,0.0000,1.0761,5.3060,11.9769,1.1613
FEI,5,16.8523,12.6052,13.8887,11.6323,114,45.97,1.3240,0.8841,1.0394,0.0087,16.0566,1.6763,4.1306,8.9236,0.7553
FEN,4,19.7273,8.7538,30.2330,5.6710,100,40.32,2.1430,-0.1733,1.2683,-0.0621,14.7904,2.3741,2.8685,6.2030,0.4666
FEO,6,23.7362,8.9044,,,103,41.53,2.4858,1.7103,,,,3.2052,2.9179,6.0293,0.4023
FER,6,20.3908,16.1490,53.5454,1.7595,112,45.16,1.2540,0.5229,-0.1569,0.1076,0.0000,1.5361,5.2918,11.6780,0.7975
FES,4,42.6925,4.0311,53.5454,1.7595,59,23.79,9.0245,-35.3454,0.7005,0.0226,51.9362,8.9557,1.3210,2.3032,0.1108
FET,1,57.8160,1.9187,54.2788,1.4881,1,0.40,24.2924,201.5986,0.9088,0.0253,51.2892,,0.6287,0.0356,0.0412
FFO,6,24.7797,5.6087,,,34,13.71,4.0565,2.0388,,,,4.8483,1.8379,2.1131,0.2465
FGA,6,72.9414,16.6095,,,97,39.11,3.4511,4.3604,,,,5.2407,5.4427,9.9969,0.2898
FGF,3,26.0920,7.2464,55.8457,8.4639,92,37.10,3.3019,-2.1562,0.0224,0.0909,0.0000,3.7516,2.3745,4.8644,0.3029
FGH,3,27.6545,7.7222,43.2304,1.3837,70,28.23,3.2657,-8.8361,0.7347,-0.0069,34.3236,3.2597,2.5305,4.8223,0.3062
FGS,7,48.9041,27.8345,,,106,42.74,1.5997,1.5561,,,,2.1871,9.1210,19.2333,0.6251
FI3,3,33.6798,6.2925,40.6445,4.5799,72,29.03,4.7407,-14.4899,1.2151,-0.0500,24.5504,4.1732,2.0620,4.3699,0.2109
FI5,1,58.6771,1.9600,58.7574,1.4116,0,0.00,24.0650,197.5925,1.2795,-0.0525,36.8645,,0.6423,0.0000,0.0416
FIB,6,76.3366,19.0056,70.3595,19.7191,99,39.92,3.1428,4.0710,0.8852,0.0391,67.4750,4.9366,6.2279,11.3233,0.3182
FIC,5,21.6464,21.8237,58.1460,8.4561,111,44.76,1.0258,0.8878,0.0012,0.0886,0.0000,1.3456,7.1513,15.5810,0.9748
FID,7,6.1227,17.4846,61.9969,1.9835,121,48.79,0.4343,0.4104,-0.2244,0.0740,-33.8469,0.5817,5.7295,12.7114,2.3024
FIE,1,55.5129,3.4414,51.1312,5.1241,2,0.81,13.1193,-369.0420,0.0993,0.1625,0.0000,2.3565,1.1277,1.7563,0.0762
FIF,5,58.9127,6.9504,61.9969,1.9835,60,24.19,6.8402,-23.4913,0.2031,0.1489,0.0000,6.1671,2.2776,4.4294,0.1462
FIG,3,42.6363,7.9011,55.8457,8.4639,93,37.50,4.6282,5.6244,0.0351,0.1388,0.0000,7.8161,2.5891,4.5460,0.2161
FIH,4,20.4878,16.2277,56.6125,8.4613,109,43.95,1.2536,0.7164,-0.0249,0.0853,0.0000,1.5349,5.3176,11.6157,0.7977
FII,2,23.8779,10.4091,21.1100,8.4240,100,40.32,2.1517,0.7719,1.0980,0.0022,20.3994,2.6089,3.4109,7.3863,0.4647
FIK,3,33.3426,5.1573,53.5454,8.4723,74,29.84,5.7215,-8.1182,0.0164,0.1142,0.0000,6.1062,1.6900,3.3067,0.1748
FIL,1,59.1519,2.0117,56.3764,1.3324,1,0.40,23.5994,187.7249,1.0861,-0.0084,43.7094,,0.6592,0.0269,0.0424
FIM,6,43.9016,3.4755,41.1164,1.3973,52,20.97,10.7092,8.5411,1.0664,-0.0011,34.9024,14.5480,1.1389,1.4703,0.0934
FIR,6,42.6972,7.6609,42.4838,8.7625,94,37.90,4.7766,6.2201,0.6579,0.0498,55.6251,7.9528,2.5104,4.3563,0.2094
FIS,4,30.1293,6.5196,24.4991,5.1400,79,31.85,4.1560,-0.0616,0.8935,0.0277,30.3247,4.7228,2.1364,4.3321,0.2406
FIT,2,25.6709,10.4867,58.7539,2.3455,83,33.47,2.2765,-1.8933,1.4530,-0.1776,16.4302,2.1057,3.4364,7.4656,0.4393
FIU,5,27.2122,14.5195,45.3444,1.3727,102,41.13,1.7649,0.5255,0.3990,0.0412,64.2204,2.0958,4.7579,10.4566,0.5666
FIV,7,30.6674,12.1808,43.9351,1.3797,99,39.92,2.3026,0.7717,0.5352,0.0323,52.4051,2.8299,3.9915,8.5017,0.4343
FIY,1,55.7276,1.8154,35.4404,1.5930,0,0.00,24.9237,207.4654,0.1053,0.1666,0.0000,,0.5949,0.0000,0.0401
FIZ,4,47.5247,3.1755,55.0789,8.4667,33,13.31,12.5182,-42.4833,-0.0018,0.1581,0.0000,11.3114,1.0406,1.5309,0.0799
FNO,4,42.8093,5.3643,53.5454,1.7595,80,32.26,6.8089,9.5769,0.0958,0.1283,0.0000,10.9710,1.7578,2.7315,0.1469
FPE,6,30.9356,5.1136,31.0635,5.4482,68,27.42,5.4059,-17.7756,0.9020,0.0103,30.6476,6.5662,1.6757,2.6496,0.1850
FPH,6,2.5608,24.8494,0.7046,25.5286,122,49.19,0.2289,0.2167,0.9613,0.0073,5.9165,0.3000,8.1428,18.3710,4.3693
FPK,1,53.4073,1.9574,53.0224,1.6213,6,2.42,22.3341,155.1434,0.1248,0.1520,0.0000,65.7075,0.6414,0.1379,0.0448
FPR,,19.7653,22.7832,-1.6657,25.3838,116,46.77,0.9227,0.6663,0.8723,0.0781,24.0999,1.1499,7.4658,16.6698,1.0838
FPZ,6,25.9978,4.5952,24.8395,4.6120,64,25.81,5.1557,-74.2491,0.9922,0.0044,23.8781,13.9376,1.5058,1.2452,0.1940
FRA,6,-2.6118,15.9446,55.0789,8.4667,72,29.03,-0.0893,-0.0924,-0.0044,-0.0049,0.0000,-0.0813,5.2249,12.0867,-11.1966
FRZ,6,3.4854,15.3888,55.0789,8.4667,68,27.42,0.3045,0.2567,-0.0245,0.0230,0.0000,0.2741,5.0427,11.5662,3.2840
FSF,2,59.7114,1.9295,55.8457,8.4639,0,0.00,24.7891,209.6412,0.0583,0.1793,0.0000,,0.6323,0.0000,0.0403
FUB,6,30.4664,5.5491,32.7442,5.5462,74,29.84,4.9199,-3.7637,0.9231,0.0019,29.5747,5.6682,1.8184,3.3341,0.2033
FUP,6,17.5974,9.6997,,,85,34.27,1.7549,-8.2555,,,,1.3436,3.1785,7.9707,0.5698
FUS,6,20.4618,4.6706,,,95,38.31,4.0910,-22.0488,,,,11.1370,1.5305,1.5626,0.2444
FVS,6,11.4580,3.4906,,,41,33.06,6.3871,10.6938,,,,10.5426,1.1438,1.6940,0.1566
FYA,6,49.1585,16.8389,53.5454,8.4723,98,39.52,2.5080,1.8811,0.0207,0.1640,0.0000,3.3966,5.5179,10.2266,0.3987
FYB,5,39.6952,9.0376,22.9966,4.6020,48,19.35,3.8212,3.4289,0.1727,0.1225,0.0000,4.0234,2.9615,5.0462,0.2617
FYD,6,-0.8749,24.9492,3.6765,22.8384,126,50.81,0.0898,0.0873,1.0591,-0.0176,2.1164,0.1170,8.1755,18.5572,11.1307
FYG,5,31.4758,5.0133,22.9966,4.6020,49,19.76,5.5967,-31.2280,0.8244,0.0419,34.0363,11.8887,1.6428,1.3177,0.1787
FYH,5,32.9457,12.4936,22.9966,4.6020,49,19.76,2.3888,1.3845,0.6778,0.0613,44.0295,2.2560,4.0940,7.5136,0.4186
FYI,7,29.5093,27.2556,53.5454,8.4723,79,31.85,1.1045,0.9252,0.0035,0.1188,0.0000,1.3094,8.9313,18.3246,0.9054
FYL,4,24.2090,10.7621,21.1100,8.4240,106,42.74,2.1099,0.6918,1.1824,-0.0033,19.2050,2.5925,3.5266,7.5534,0.4739
FYM,5,33.1640,5.6383,,,34,13.71,5.2134,0.6850,,,,7.2174,1.8476,1.8820,0.1918
FYN,3,26.6992,7.0147,23.9717,5.1992,92,37.10,3.4785,0.6447,1.1086,-0.0003,22.0107,4.2467,2.2986,4.6623,0.2875
FYO,1,56.0894,1.8689,54.7740,1.4435,0,0.00,24.3385,204.6911,-0.0529,0.1899,0.0000,,0.6124,0.0000,0.0411
FYT,1,50.6105,2.0867,52.2116,1.6533,8,3.23,20.0495,16.1505,0.2669,0.1206,0.0000,14.9305,0.6838,0.6351,0.0499
FYU,3,27.2294,6.8969,23.9717,5.1992,92,37.10,3.5985,1.2021,1.0956,0.0025,22.6531,4.4961,2.2600,4.5431,0.2779
FYY,3,25.1356,10.3856,21.1100,8.4240,105,42.34,2.2557,0.5937,1.1440,0.0026,20.4779,2.8229,3.4032,7.2121,0.4433
GA1,2,37.1632,5.2890,56.6217,1.8674,47,18.95,6.1260,-31.5718,0.7938,-0.0158,40.8155,4.2811,1.7331,3.7424,0.1632
GAE,6,1.2656,25.6658,2.7828,25.5142,119,47.98,0.1791,0.1725,1.0048,-0.0060,4.5741,0.2372,8.4104,18.8618,5.5840
GAF,6,4.9669,25.4972,-0.9421,24.1200,120,48.39,0.3222,0.2999,1.0229,0.0246,8.0306,0.4340,8.3551,18.5326,3.1040
GAG,6,25.9326,5.3464,22.9966,4.6020,64,25.81,4.4284,-28.6099,1.0508,0.0054,22.5303,6.6795,1.7519,2.1230,0.2258
GAH,3,45.9945,5.7583,53.3569,8.4894,76,30.65,6.7382,5.1776,0.0205,0.1504,0.0000,9.4073,1.8869,3.0140,0.1484
GAK,4,19.8276,10.7141,24.4229,7.8763,95,39.26,1.8194,1.5047,1.0061,-0.0151,19.3759,2.2065,3.5109,7.4751,0.5496
GAL,1,58.5616,1.9756,55.0663,1.3025,1,0.40,23.8377,188.6079,1.3176,-0.0474,35.7413,,0.6474,0.0940,0.0420
GAN,7,33.1404,33.5290,53.5454,8.4723,122,49.19,1.0373,1.1752,-0.3008,0.1907,0.0000,1.6815,10.9870,20.9395,0.9640
GAS,6,28.0586,4.4258,22.9966,4.6020,64,25.81,5.7258,-72.3072,0.9291,0.0223,27.2755,12.7201,1.4503,1.3509,0.1746
GBC,6,19.6524,19.4765,,,100,40.32,1.0379,0.8793,,,,1.1778,6.3822,14.7369,0.9635
GBG,6,27.0267,22.1154,,,103,41.53,1.2137,1.0548,,,,1.5628,7.2469,14.4862,0.8239
GBL,1,57.9728,1.9466,47.2332,2.5762,1,0.40,23.9976,191.4394,0.0338,0.1801,0.0000,,0.6379,0.0565,0.0417
GBN,2,59.4950,1.9074,61.9969,1.9835,0,0.00,25.0032,220.7602,0.9609,0.0013,49.6327,,0.6250,0.0000,0.0400
GCK,3,27.6697,5.4075,43.2304,1.3837,86,34.68,4.6381,0.4063,0.4713,0.0309,53.2104,5.8435,1.7720,3.4021,0.2156
GCS,4,24.8634,7.7382,55.8457,8.4639,105,42.34,2.9676,-1.4242,0.0237,0.0868,0.0000,3.5496,2.5357,5.1716,0.3370
GCV,2,57.7573,2.0212,52.5786,5.1482,4,1.61,23.0435,149.5075,0.1081,0.1663,0.0000,28.7069,0.6623,0.2347,0.0434
GDV,1,54.7018,1.8019,35.7226,1.3144,0,0.00,24.7352,199.4246,0.7557,0.0833,58.9806,,0.5905,0.0000,0.0404
GEA,5,19.5169,14.2431,24.1834,13.5920,112,45.16,1.3488,1.0647,1.0083,-0.0159,19.0521,1.7505,4.6673,10.0952,0.7414
GED,6,3.9930,25.1141,4.8801,23.5938,120,48.39,0.2853,0.2693,1.0545,-0.0036,6.7953,0.3831,8.2296,18.3775,3.5048
GEF,5,19.1700,16.8393,61.9969,1.9835,122,49.19,1.1474,0.7431,-0.3310,0.1414,-58.3707,1.4649,5.5180,12.0306,0.8715
GEG,6,6.8458,24.5463,3.6765,22.8384,124,50.00,0.3986,0.3656,1.0616,0.0123,9.2175,0.5314,8.0435,17.8693,2.5086
GEH,6,5.2466,24.6242,3.6765,22.8384,124,50.00,0.3357,0.3125,1.0646,0.0061,7.7639,0.4471,8.0690,17.9774,2.9792
GEK,3,38.0968,5.6804,32.0736,5.5309,70,28.23,5.8295,-2.1127,0.8457,0.0356,39.1565,6.5539,1.8614,3.3853,0.1715
GEL,2,59.2074,2.0196,55.8502,1.4898,2,0.81,23.5241,175.8804,1.0657,-0.0031,44.5803,26.9594,0.6618,0.1692,0.0425
GES,3,26.8047,7.2483,24.3557,5.1974,94,37.90,3.3805,0.3499,1.1221,-0.0024,21.8353,4.1301,2.3752,4.8563,0.2958
GEU,5,35.7495,3.1965,30.0416,3.4707,32,12.90,9.7771,-236.5271,0.9052,0.0275,34.5266,21.3249,1.0474,0.6563,0.1023
GHA,6,81.2095,16.6252,73.6501,20.9408,98,39.52,3.7352,4.7658,0.5913,0.1091,0.0000,5.8455,5.4479,9.7288,0.2677
GHD,4,24.2252,9.6489,21.9829,8.0071,105,42.34,2.3429,0.4955,1.1426,-0.0037,19.7846,2.8935,3.1618,6.5621,0.4268
GHE,5,17.9253,16.7687,61.9969,1.9835,121,48.79,1.0876,0.7351,-0.3509,0.1410,-51.9673,1.3883,5.4949,12.0021,0.9195
GHF,3,39.2226,5.5963,32.0736,5.5309,70,28.23,6.0645,-3.2697,0.8404,0.0395,40.3840,6.8017,1.8338,3.3161,0.1649
GHG,6,33.1828,5.0922,34.7876,5.3200,79,31.85,5.7698,-5.3194,0.9170,0.0052,32.0395,8.4315,1.6686,2.5454,0.1733
GHH,6,14.7494,17.3527,,,117,47.18,0.8958,0.8611,,,,1.2366,5.6862,12.1101,1.1163
GHI,5,17.3361,13.9398,13.8887,11.6323,118,47.58,1.2403,0.6181,1.1675,0.0040,14.8091,1.5551,4.5679,9.8633,0.8062
GHJ,6,7.9870,24.1851,58.1460,8.4561,125,50.40,0.4457,0.4108,-0.0219,0.0469,0.0000,0.5939,7.9251,17.5887,2.2438
GHK,6,33.5943,5.1107,34.7876,5.3200,79,31.85,5.8107,-5.9612,0.9217,0.0059,32.2213,8.6306,1.6747,2.5155,0.1721
GHL,3,25.4826,10.5713,21.6230,8.4236,105,42.34,2.2446,0.6527,1.1712,-0.0003,20.2598,2.7923,3.4641,7.3507,0.4455
GHM,5,15.7482,17.4243,56.6125,8.4613,119,47.98,0.9440,0.6816,-0.0030,0.0658,0.0000,1.2095,5.7097,12.5257,1.0594
GHN,4,28.4480,12.4675,55.8457,8.4639,109,43.95,2.1120,1.3587,-0.0044,0.1053,0.0000,2.8000,4.0854,8.4312,0.4735
GHO,6,45.6262,11.5452,,,83,33.47,3.3815,2.8427,,,,4.4646,3.7832,7.3052,0.2957
GHP,2,51.8820,3.2310,55.0789,8.4667,38,15.32,13.2244,-1.6866,0.0442,0.1616,0.0000,14.9142,1.0587,1.3255,0.0756
GHS,6,3.9916,25.0653,3.6765,22.8384,121,48.79,0.2855,0.2648,1.0840,0.0013,6.6013,0.3719,8.2136,18.4585,3.5027
GHT,4,38.4392,9.0502,55.2269,3.9348,96,38.71,3.7141,2.3884,0.7684,-0.0038,43.7474,4.9778,2.9656,5.3784,0.2692
GHU,5,21.2650,17.1861,45.3444,1.3727,108,43.55,1.2313,0.7443,0.2546,0.0454,83.1232,1.5243,5.6316,12.4510,0.8122
GHV,3,33.6645,8.9976,43.2304,1.3837,72,29.03,3.3370,1.9636,1.0662,-0.0361,28.1606,4.2665,2.9484,5.9333,0.2997
GHY,5,25.0478,14.1645,43.9351,1.3797,106,42.74,1.6817,0.9415,0.4448,0.0289,53.5536,2.0977,4.6415,10.1004,0.5946
GHZ,2,44.3896,1.9956,42.5257,1.3879,15,6.05,18.8044,80.9572,1.1672,-0.0187,32.1493,27.8897,0.6539,0.3870,0.0532
GKB,2,37.8210,2.6612,32.6684,2.4248,22,8.87,12.3193,-42.9464,-0.0394,0.1346,0.0000,8.7465,0.8721,1.3630,0.0812
GKF,5,24.7508,21.3194,28.4477,11.8249,108,43.55,1.1666,0.2978,1.5881,-0.0668,15.6613,1.3122,6.9861,15.9547,0.8572
GKS,6,18.9148,9.6616,53.1379,8.5592,86,35.54,1.9241,-1.1735,-0.0127,0.0760,0.0000,1.8598,3.1660,7.3599,0.5197
GME,5,41.0654,8.4260,29.8098,6.1785,86,34.68,4.2106,3.3467,0.7957,0.0561,44.5911,5.7172,2.7611,4.8976,0.2375
GMR,6,-15.0642,25.5089,7.5618,21.8856,120,48.39,-0.5238,-0.6215,1.1184,-0.0968,-11.9467,-0.6335,8.3589,20.1875,-1.9092
GPA,6,30.6308,5.4712,33.1547,5.4421,70,28.23,5.0126,-2.4917,0.9290,0.0005,29.5205,5.6360,1.7928,3.2215,0.1995
GPC,6,30.2551,5.5879,29.8098,6.1785,75,30.24,4.8563,-7.1926,0.8444,0.0178,32.1356,6.1929,1.8311,2.9992,0.2059
GPF,4,43.1184,7.1967,41.1164,1.3973,70,28.23,5.1219,-0.1680,0.9716,0.0107,37.9364,5.7227,2.3583,4.5100,0.1952
GPG,5,33.0636,20.2311,46.3605,2.9341,111,44.76,1.5423,1.3508,0.9889,-0.0290,31.5544,2.1169,6.6295,13.8277,0.6484
GPL,6,24.3157,4.6032,22.9966,4.6020,68,27.42,4.8486,-67.0499,1.0001,0.0043,22.3165,13.1494,1.5084,1.2585,0.2062
GRA,6,73.3131,15.2321,74.2997,25.2129,106,42.74,3.7631,5.7324,0.2375,0.1710,0.0000,6.5827,4.9913,8.5161,0.2657
GSE,4,26.8866,4.3321,22.9966,4.6020,29,11.69,5.6320,-28.7047,0.6644,0.0408,36.7206,14.8380,1.4196,0.7641,0.1776
GSG,5,30.7581,5.3356,22.9966,4.6020,31,12.50,5.1570,-12.6142,0.7543,0.0456,36.4773,7.6306,1.7484,1.6199,0.1939
GSM,7,24.6025,18.1683,51.6731,1.7187,106,43.80,1.3580,0.3544,-0.6607,0.2122,-37.3409,1.5758,5.9535,13.1544,0.7364
GSO,3,55.8783,4.7894,53.3569,8.4894,8,3.23,9.4884,33.4734,0.1224,0.1589,0.0000,21.6533,1.5694,0.5760,0.1054
GTA,6,67.0870,18.5913,74.8523,20.9419,102,41.13,2.9124,3.8305,0.7793,0.0316,69.4828,4.6788,6.0921,11.2025,0.3434
GTL,1,58.9023,1.9669,55.0663,1.3025,1,0.40,24.0549,193.3130,1.3185,-0.0467,35.8836,,0.6445,0.0975,0.0416
GYK,2,49.8232,2.3158,58.9984,1.8685,15,6.05,17.8370,44.3453,0.4419,0.0808,93.4703,24.2479,0.7589,0.5403,0.0561
GYL,1,51.5187,1.8462,53.4913,1.4278,3,1.21,22.9923,166.7591,0.1277,0.1463,0.0000,0.0000,0.6050,0.1117,0.0435
HBF,6,77.0405,17.2633,74.8523,20.9419,98,39.52,3.4655,4.2571,0.7606,0.0586,78.6550,5.2670,5.6569,10.2754,0.2886
HBU,7,0.9609,26.9810,0.1651,26.8633,119,47.98,0.1720,0.1650,1.0041,0.0033,4.6230,0.2265,8.8413,19.8701,5.8123
HDH,7,113.8811,49.9415,53.5454,8.4723,116,46.77,1.8008,2.3522,0.0892,0.3413,0.0000,3.1970,16.3652,29.0702,0.5553
HDS,6,47.2910,8.4892,53.5454,8.4723,91,36.69,4.6998,2.0259,0.0641,0.1471,0.0000,6.0368,2.7818,4.9352,0.2128
HEA,6,80.3186,16.0244,70.8380,19.8313,95,38.31,3.8374,5.6554,0.5510,0.1201,0.0000,6.6760,5.2510,8.6330,0.2606
HEB,4,24.2071,10.3048,27.3066,8.9103,104,41.94,2.1990,-2.1555,1.1090,-0.0203,20.4335,2.3352,3.3768,7.5170,0.4548
HEC,4,30.2191,7.2225,55.8457,8.4639,100,40.32,3.7680,-2.8985,0.0189,0.1046,0.0000,4.4865,2.3667,4.7846,0.2654
HED,6,34.3703,4.8347,34.4264,5.3210,77,31.05,6.2620,1.8894,0.7722,0.0272,39.2038,10.6260,1.5843,2.2726,0.1597
HEE,3,25.3515,6.4590,22.8813,6.2903,94,37.90,3.6029,-0.1234,0.9295,0.0140,25.0357,4.4217,2.1165,4.2698,0.2776
HEG,2,54.3137,1.8026,35.7226,1.3144,0,0.00,24.5844,199.6672,0.7499,0.0830,59.0964,,0.5907,0.0000,0.0407
HEI,3,28.4520,5.6827,43.2304,1.3837,86,34.68,4.5259,0.3892,0.6581,0.0062,39.0783,5.4010,1.8621,3.5811,0.2209
HEK,4,26.5853,9.1626,23.2767,7.7128,106,42.74,2.6720,-0.1975,1.1385,-0.0007,21.5043,3.2526,3.0025,6.2158,0.3742
HEL,1,59.9125,1.9786,53.3069,5.1681,0,0.00,24.2404,201.0556,0.1152,0.1703,0.0000,,0.6483,0.0000,0.0413
HEP,2,59.2854,2.0376,56.9223,1.5764,3,1.21,23.3420,174.4252,1.1446,-0.0203,41.5519,82.5041,0.6677,0.1478,0.0428
HER,3,24.3282,11.3630,21.1100,8.4240,102,41.13,2.0129,0.6672,1.2045,-0.0044,18.9888,2.4267,3.7235,8.0854,0.4968
HES,6,3.6525,25.7119,5.4490,24.1655,130,52.42,0.2719,0.2519,1.0384,-0.0067,6.7319,0.3529,8.4254,19.0173,3.6781
HET,5,15.7908,14.6193,18.7203,9.3385,118,47.58,1.0968,0.5931,1.4967,-0.0430,10.7127,1.3503,4.7905,10.4337,0.9118
HHB,6,0.9769,23.0473,0.5486,21.1045,117,47.18,0.1590,0.1533,1.0645,0.0027,3.4428,0.1983,7.5523,17.5241,6.2889
HHE,6,7.3442,25.7169,61.9969,1.9835,108,43.55,0.4116,0.3181,-0.1055,0.0626,0.0000,0.4678,8.4271,19.6907,2.4293
HHG,5,27.9886,4.4797,33.1576,4.2957,75,30.24,5.6450,-38.4152,0.9672,-0.0122,26.1464,11.0528,1.4679,1.7025,0.1771
HHM,6,16.9237,18.6423,45.3444,1.3727,104,41.94,0.9497,0.6476,0.3178,0.0221,55.7108,1.0999,6.1088,14.0333,1.0529
HHN,5,21.4176,17.3472,41.1164,1.3973,106,42.74,1.2289,0.8106,0.5678,0.0053,37.5469,1.4497,5.6844,12.8699,0.8137
HHY,7,21.9345,18.0102,31.2517,12.7366,111,44.76,1.2138,1.1429,0.7786,-0.0015,28.0766,1.6218,5.9017,12.4713,0.8239
HKV,1,52.9826,2.1876,52.7772,1.5925,7,2.82,19.8565,-85.5554,0.4264,0.0991,0.0000,10.9444,0.7168,0.7971,0.0504
HLL,1,59.0852,1.9566,58.4259,1.5175,1,0.40,24.2417,199.4556,1.2148,-0.0383,39.0439,,0.6411,0.0456,0.0413
HOA,6,43.0315,20.4519,,,95,38.31,1.8884,1.6913,,,,2.4628,6.7018,13.7138,0.5295
HOY,6,31.9093,9.6006,,6.0950,99,39.92,2.9924,1.7635,,,,4.0482,3.1460,5.9109,0.3342
HPD,5,20.6917,10.5559,36.1841,8.4180,119,47.98,1.8711,1.1130,0.9152,-0.0374,21.5811,2.5345,3.4590,7.1498,0.5344
HPF,7,-0.0892,35.1346,53.5454,8.4723,112,45.16,0.1736,0.1730,0.1173,0.0037,51.9999,0.2402,11.5131,25.7357,5.7589
HPO,2,45.2474,3.3697,53.5454,1.7595,46,18.55,11.3268,-1.8879,1.2049,-0.0580,31.6775,13.5813,1.1042,1.4940,0.0883
HPT,1,51.8464,2.2664,52.6229,1.5895,13,5.24,18.8306,40.7932,0.4114,0.0989,0.0000,18.8698,0.7427,0.6299,0.0531
HPV,1,51.2943,1.7217,38.2012,1.6520,0,0.00,24.5649,181.1377,-0.0932,0.1801,0.0000,,0.5642,0.0000,0.0407
HS1,3,33.9197,6.1861,32.0736,5.5309,80,32.26,4.8507,-7.0402,1.0069,0.0050,29.7999,5.0614,2.0271,3.9790,0.2062
HSA,5,15.1404,13.1535,27.2562,12.6909,116,46.77,1.1597,0.6759,0.9234,-0.0326,16.5194,1.4757,4.3102,9.4507,0.8623
HSL,1,58.6978,1.9333,59.6091,1.5895,0,0.00,24.4048,206.0287,1.1798,-0.0364,39.9890,,0.6335,0.0000,0.0410
HST,3,29.2677,6.8692,32.7841,5.5323,80,32.26,3.8491,-1.3066,1.1611,-0.0291,22.7723,4.2524,2.2510,4.4514,0.2598
HVS,6,3.1853,24.9673,0.1651,26.8633,130,52.42,0.2541,0.2324,0.8995,0.0116,7.0527,0.3284,8.1814,18.5884,3.9355
IAF,5,57.9926,13.2160,22.9966,4.6020,51,20.56,3.5996,3.8339,-0.1148,0.1984,0.0000,4.0942,4.3307,7.1386,0.2778
IAR,7,36.7071,50.7868,24.1098,13.9539,62,25.00,0.8751,-1.2547,-0.6547,0.2362,-67.8818,0.7902,16.6422,31.1096,1.1427
IAS,6,-10.5088,34.7133,53.5454,8.4723,131,52.82,-0.1535,-0.1514,0.0929,-0.0374,-57.3947,-0.2442,11.3751,23.9128,-6.5131
IBC,,30.4921,6.0945,53.5454,8.4723,75,30.24,4.4882,-6.9737,0.0361,0.1022,0.0000,4.6292,1.9971,4.0205,0.2228
IBE,7,61.4274,35.2510,53.5454,8.4723,58,23.39,1.5652,0.5536,0.0182,0.2158,0.0000,1.3334,11.5513,24.5727,0.6389
IBK,2,58.3736,1.9110,52.5300,1.6089,0,0.00,24.5794,210.1975,0.0553,0.1769,0.0000,,0.6262,0.0000,0.0407
IBR,5,43.3740,4.2385,22.9966,4.6020,11,4.44,8.6998,24.7930,0.2420,0.1259,0.0000,9.6140,1.3889,1.1466,0.1149
ICA,6,73.9206,18.0161,74.8523,20.9419,103,41.53,3.2270,4.4894,0.7957,0.0436,73.0640,5.4192,5.9037,10.4650,0.3099
ICC,4,31.2752,10.6214,33.0095,10.1557,106,42.74,2.6685,0.5417,1.0033,-0.0055,28.2496,3.3717,3.4805,7.2387,0.3747
ICD,2,43.6677,3.6358,53.5454,1.7595,49,19.76,10.1930,-9.2209,0.9205,-0.0129,40.2594,11.0349,1.1914,1.9458,0.0981
ICE,1,58.3869,1.9214,59.6091,1.5895,0,0.00,24.4507,206.9331,1.1584,-0.0331,40.5547,,0.6296,0.0000,0.0409
ICF,6,3.7152,23.3077,3.6765,22.8384,123,49.60,0.2771,0.2544,1.0020,0.0005,6.4450,0.3518,7.6376,17.4424,3.6090
ICS,6,22.5696,5.1970,22.9966,4.6020,80,32.26,4.0223,-23.6173,1.0233,-0.0033,20.4281,7.4695,1.7030,2.0670,0.2486
IDD,4,10.4724,17.8044,50.7014,1.6860,69,27.82,0.6596,0.5691,0.2616,0.0031,44.8907,0.6836,5.8343,12.3068,1.5162
IDF,6,34.4867,3.8935,31.0210,4.5566,59,23.79,7.7880,-42.1597,0.6909,0.0444,43.8907,16.4669,1.2758,1.2645,0.1284
IDY,6,55.3488,14.5002,53.5454,1.7595,90,36.29,3.1743,1.4254,1.0150,0.0062,45.3470,3.9970,4.7515,9.2111,0.3150
IEA,5,33.6531,4.2012,35.0161,4.3915,75,30.24,7.0694,0.2497,0.8750,0.0111,33.9426,10.0793,1.3767,2.1293,0.1415
IEB,4,34.9494,8.7050,31.7261,6.3280,93,37.50,3.5584,2.4382,0.8587,0.0264,36.0714,4.7310,2.8525,5.5699,0.2810
IEE,4,17.1923,19.7420,61.9969,1.9835,117,47.18,0.9190,0.7797,0.3195,0.0095,56.7768,1.1590,6.4692,14.2102,1.0882
IEF,5,10.7927,22.7371,61.9969,1.9835,121,48.79,0.5741,0.5109,0.1873,0.0152,69.6794,0.7297,7.4506,16.6418,1.7419
IEG,3,25.5642,9.5144,32.0736,5.5309,102,41.13,2.4897,-0.3366,1.5423,-0.0807,15.3589,2.7896,3.1177,6.3985,0.4017
IEH,6,-0.1167,25.7276,3.6765,22.8384,125,50.40,0.1249,0.1210,1.0867,-0.0144,2.9577,0.1625,8.4306,19.1526,8.0048
IEK,4,19.6010,13.6210,19.1222,12.5852,111,44.76,1.4095,0.3969,1.0691,-0.0029,17.9580,1.6691,4.4634,9.8901,0.7095
IER,1,59.2122,2.0552,56.2684,1.5473,4,1.61,23.1188,165.5192,1.0444,-0.0004,45.4935,76.1514,0.6735,0.1292,0.0433
IGE,5,14.3564,13.9876,13.8887,11.6323,124,50.00,1.0488,0.6092,1.1736,-0.0067,12.4998,1.3430,4.5836,9.8838,0.9535
IGL,1,58.5392,1.9265,56.5031,1.4351,1,0.40,24.4373,205.2195,1.1382,-0.0198,41.3615,,0.6313,0.0311,0.0409
IIP,6,25.4768,15.7519,53.5454,8.4723,58,23.39,1.5498,-0.4951,0.0253,0.0924,0.0000,1.2270,5.1617,11.1804,0.6453
IIS,7,47.1491,34.6541,61.2129,8.4464,60,24.19,1.3139,0.0058,0.0103,0.1787,0.0000,1.0825,11.3557,24.6787,0.7611
IMH,,-15.6437,33.3404,55.5570,1.8124,63,25.40,-0.3513,-0.4230,-0.4057,0.0262,28.8715,-0.2889,10.9252,25.7093,-2.8465
IMO,,-21.2766,43.6990,55.5570,8.3962,121,48.79,-0.3303,-0.4203,0.0640,-0.0688,0.0000,-0.3463,14.3196,35.2423,-3.0271
IMS,,26.7152,5.2164,53.5454,8.4723,83,33.47,4.6591,-1.6696,0.0137,0.0940,0.0000,5.3355,1.7093,3.3811,0.2146
IPF,6,33.1004,13.3320,42.5865,4.2697,94,37.90,2.2559,1.6966,0.7350,0.0134,40.9193,2.7044,4.3687,9.1247,0.4433
IPG,5,21.6404,12.8675,55.5570,8.3962,110,44.35,1.6182,1.2274,0.0170,0.0796,0.0000,2.0758,4.2165,9.0095,0.6180
IPP,6,48.3460,5.1751,42.5865,4.2697,73,29.44,7.8069,15.1328,-0.0689,0.1703,0.0000,13.4478,1.6958,2.2915,0.1281
ISR,,28.7030,4.3394,,,64,25.81,5.9573,-27.6274,,,,8.2687,1.4220,1.9730,0.1679
IYR,5,-11.1297,37.2404,55.5570,8.3962,73,29.44,-0.1348,-0.1432,-0.0508,-0.0108,98.8309,-0.1261,12.2032,27.5115,-7.4158
IYS,3,30.2401,10.1874,37.5051,6.4353,88,35.48,2.6983,0.9227,0.7824,0.0075,35.1332,3.1110,3.3383,7.0552,0.3706
KIS,6,29.7620,4.9272,28.2918,5.5531,71,28.63,5.4217,-23.8606,0.5901,0.0461,45.2680,12.4296,1.6146,1.4692,0.1844
KOA,4,29.9289,7.5148,55.8457,8.4639,99,39.92,3.5940,-2.2645,0.0190,0.1037,0.0000,4.2399,2.4625,4.9804,0.2782
KOE,3,31.0924,8.1600,29.0566,5.9819,100,40.32,3.4276,-4.6521,1.2651,-0.0206,22.1090,3.7897,2.6739,5.5980,0.2917
KOP,7,41.5549,115.6271,26.0680,4.6190,72,29.03,0.6818,-2.1706,1.5667,0.1652,50.3217,1.2291,37.8895,35.0351,1.4667
KOS,3,29.5113,5.7292,43.2304,1.3837,86,34.68,4.6361,0.3279,0.7243,-0.0001,36.6713,5.5410,1.8774,3.6193,0.2157
KRC,2,53.3994,2.1109,47.0964,3.3954,8,3.23,20.7087,-24.1453,0.3090,0.1251,0.0000,14.6168,0.6917,0.7341,0.0483
KRF,5,36.4116,6.0674,53.5454,8.4723,52,20.97,5.2551,-85.1601,-0.0060,0.1276,0.0000,3.4331,1.9882,4.6638,0.1903
KRT,6,29.5693,4.4179,28.9738,4.8058,66,26.61,6.0070,-81.2468,0.8402,0.0183,31.5866,15.0249,1.4477,1.2798,0.1665
KSV,1,52.2097,1.7330,42.5257,1.3879,0,0.00,24.7610,201.9015,1.2378,-0.0075,34.6659,,0.5679,0.0000,0.0404
KSY,1,56.6078,3.5990,61.9969,1.9835,31,12.50,12.7456,15.8682,0.8454,0.0167,54.2627,16.7390,1.1793,1.3847,0.0785
KTE,7,27.1031,8.4634,,,60,24.19,2.9344,-14.7981,,,,2.5082,2.7734,5.1172,0.3408
KTM,3,40.8561,6.4227,26.5167,7.2011,81,32.66,5.4774,0.6317,0.8198,0.0607,42.9150,7.3062,2.1046,3.8063,0.1826
KTN,1,34.0525,3.5227,30.2303,2.7188,13,5.24,8.5103,-174.9219,0.0200,0.1168,0.0000,3.4081,1.1543,2.6782,0.1175
KTR,1,54.2356,1.7474,34.0490,1.9886,0,0.00,25.3302,210.8920,-0.0619,0.1830,0.0000,,0.5726,0.0000,0.0395
KTS,4,13.4855,20.2113,33.7013,7.8358,115,46.37,0.7410,0.3844,1.9274,-0.1697,7.7699,0.8602,6.6230,15.3250,1.3496
KTT,3,29.9516,4.3540,22.2765,4.5993,60,24.19,6.1638,-73.7881,0.8865,0.0339,30.2725,12.0429,1.4267,1.4158,0.1622
KTU,6,19.9537,20.7434,12.4592,23.6829,114,45.97,0.9993,0.7343,0.8500,0.0323,24.3873,1.2887,6.7973,14.9293,1.0007
KTV,1,50.1762,1.6886,32.6684,2.4248,0,0.00,24.5980,198.5346,-0.1197,0.1785,0.0000,,0.5533,0.0000,0.0407
KTZ,4,32.8912,7.2441,43.2304,1.3837,82,33.06,4.0431,-0.8469,1.1223,-0.0472,26.0974,5.3353,2.3738,4.0035,0.2473
KUB,6,30.5501,7.2415,23.0508,4.6095,83,33.47,3.7942,-12.2368,-0.0145,0.1103,0.0000,3.7087,2.3730,5.1830,0.2636
KYA,6,-9.0248,23.9073,0.1651,26.8633,124,50.00,-0.2833,-0.3021,0.8609,-0.0399,-7.8671,-0.3773,7.8341,17.8896,-3.5298
KZL,6,76.4941,21.1043,71.9466,19.8433,104,41.94,2.8544,3.5007,1.0225,0.0065,58.9154,4.4843,6.9156,12.6658,0.3503
MAC,7,7.6293,23.2101,-4.4722,27.0380,116,46.77,0.4395,0.4175,0.7221,0.0433,14.1278,0.5871,7.6056,16.9053,2.2751
MAD,6,28.7814,13.7578,14.1717,17.8692,103,41.53,1.9451,2.1758,0.5092,0.0756,52.5548,2.7404,4.5083,8.7212,0.5141
MBL,2,56.6376,1.7755,40.1621,6.3539,1,0.40,25.8200,231.0006,-0.0050,0.1826,0.0000,,0.5818,0.0757,0.0387
MEA,6,80.9002,16.9400,73.4292,19.9438,102,41.13,3.6583,5.6042,0.6650,0.0923,93.1976,6.7509,5.5510,9.2706,0.2733
MHA,4,23.8601,10.7304,21.1100,8.4240,104,41.94,2.0892,0.3081,1.1713,-0.0035,19.1391,2.4705,3.5162,7.7144,0.4787
MHB,2,58.4229,2.2827,51.1312,5.1241,4,1.61,20.5947,44.0031,0.1069,0.1686,0.0000,12.5737,0.7480,0.5766,0.0486
MHC,1,53.1534,1.7438,34.8418,1.4180,0,0.00,24.9697,217.7699,0.5193,0.1099,83.8433,,0.5714,0.0000,0.0400
MHD,6,27.7987,4.4679,32.8080,4.3325,68,27.42,5.6258,-59.5494,0.9640,-0.0114,26.0738,13.1000,1.4641,1.3382,0.1778
MHE,4,23.9250,15.9136,56.6114,1.7418,105,42.34,1.4550,1.4676,0.7740,-0.0489,29.9163,1.9604,5.2147,10.6352,0.6873
MHG,3,40.5320,5.5281,32.0736,5.5309,57,22.98,6.3116,-12.5216,0.8645,0.0405,40.3590,5.9737,1.8115,3.3498,0.1584
MHH,6,1.7193,26.1299,3.6765,22.8384,120,48.39,0.1986,0.1842,1.1273,-0.0076,4.6033,0.2449,8.5624,19.7094,5.0354
MHI,3,28.0229,5.5635,43.2304,1.3837,81,32.66,4.5603,-0.6012,0.2473,0.0647,0.0000,5.3397,1.8231,3.6397,0.2193
MHK,4,23.1237,9.1300,28.6385,5.9234,105,42.34,2.3712,-0.7802,1.3229,-0.0500,16.3647,2.7841,2.9918,6.3625,0.4217
MHL,2,61.7088,2.1901,55.2494,1.3234,3,1.21,22.4226,143.7212,1.1973,-0.0186,41.0152,26.0106,0.7177,0.2693,0.0446
MHM,2,48.4878,3.6677,55.0789,8.4667,40,16.13,11.0240,-25.6981,0.0453,0.1523,0.0000,10.2388,1.2019,1.8903,0.0907
MHN,4,23.7344,13.5526,55.8457,8.4639,107,43.15,1.6719,0.6347,0.0070,0.0886,0.0000,1.9795,4.4410,9.7749,0.5981
MHO,5,19.7629,16.3045,56.6125,8.4613,113,45.56,1.2110,0.3830,-0.0277,0.0834,0.0000,1.4115,5.3428,11.9734,0.8258
MHR,6,9.1418,24.3077,58.1460,8.4561,121,48.79,0.4898,0.4050,-0.0359,0.0540,0.0000,0.6097,7.9653,18.0312,2.0418
MHS,3,29.1803,6.6730,26.4841,4.9802,93,37.50,3.9500,-2.2136,0.9804,0.0108,26.8846,4.4551,2.1867,4.5342,0.2532
MHT,5,19.0959,13.6038,13.8887,11.6323,118,47.58,1.3794,0.4112,1.1209,0.0124,16.7412,1.6607,4.4578,9.8183,0.7250
MHU,5,26.8333,14.4503,43.9351,1.3797,106,42.74,1.7515,0.9150,-0.2473,0.1369,0.0000,2.1722,4.7352,10.3478,0.5709
MHV,6,22.6579,17.4357,45.3444,1.3727,109,43.95,1.2831,0.6720,-0.3885,0.1477,-57.5833,1.5781,5.7135,12.6981,0.7793
MHY,4,21.4565,13.1252,55.8449,1.7459,110,44.35,1.5774,0.6791,0.1472,0.0557,0.0000,1.9116,4.3010,9.4474,0.6340
MHZ,4,23.7042,8.2497,55.8457,8.4639,102,41.13,2.6731,-1.1799,0.0168,0.0845,0.0000,3.1351,2.7033,5.6754,0.3741
MPD,6,25.6600,11.8091,22.2765,4.5993,40,16.13,2.0326,-4.2858,0.7269,0.0357,33.0204,1.3870,3.8697,7.1761,0.4920
MPN,6,31.8277,4.8116,22.9966,4.6020,66,26.61,5.8863,-20.5940,0.7804,0.0466,36.2936,7.0067,1.5767,2.4694,0.1699
MPP,7,23.2585,13.6966,53.3569,8.4894,48,19.35,1.6246,-0.4442,-0.0011,0.0885,0.0000,2.4309,4.4882,6.3608,0.6155
NHA,6,77.0407,18.7377,73.6501,20.9408,100,40.32,3.2066,4.6371,0.6968,0.0765,86.2276,5.4311,6.1401,10.7138,0.3119
NHM,2,47.0139,4.0833,61.9969,1.9835,60,24.19,9.6563,-0.6202,0.9942,-0.0380,39.6601,12.3125,1.3380,1.9026,0.1036
NHN,6,58.1796,12.2546,56.0885,14.9548,82,33.06,3.8822,2.8941,0.2711,0.1387,0.0000,5.1831,4.0157,7.5901,0.2576
OBP,4,27.3403,9.1007,24.5247,7.5654,101,40.73,2.7562,0.3400,0.7200,0.0348,34.8378,3.3113,2.9822,5.9968,0.3628
ODS,6,30.7016,5.3137,22.9966,4.6020,71,28.63,5.1696,-55.5571,1.0214,0.0230,26.8937,11.2204,1.7412,1.7466,0.1934
OGF,3,58.1298,1.8717,57.0765,1.8144,0,0.00,25.0104,211.1827,-0.0886,0.2020,0.0000,,0.6133,0.0000,0.0400
OHB,6,7.7528,25.4588,3.6765,22.8384,122,49.19,0.4273,0.3851,1.0958,0.0157,9.9281,0.5576,8.3425,18.6190,2.3401
OKD,6,19.8845,16.4529,24.1717,12.7309,110,44.35,1.2075,0.8567,1.2470,-0.0345,15.9314,1.5066,5.3914,11.8497,0.8282
OKP,2,57.0713,2.0387,51.4840,1.7728,3,1.21,22.6269,152.6316,0.1018,0.1659,0.0000,57.9109,0.6681,0.2194,0.0442
OKT,3,57.6127,1.8716,47.0964,3.3954,0,0.00,24.8335,209.2244,0.0478,0.1769,0.0000,,0.6133,0.0000,0.0403
OPB,4,23.7029,9.3073,53.5454,8.4723,110,44.35,2.3791,2.0843,0.0359,0.0816,0.0000,3.3738,3.0499,6.1439,0.4203
OPD,7,57.2614,2.0624,55.0789,8.4667,3,1.21,22.4270,129.3512,0.0559,0.1735,0.0000,21.2717,0.6758,0.2968,0.0446
OPH,7,-1.5368,25.1404,-1.6657,25.3838,120,48.39,0.0640,0.0628,0.9222,0.0008,1.7445,0.0786,8.2382,19.1750,15.6278
OPI,6,-3.5882,23.4923,-1.6657,25.3838,116,46.77,-0.0403,-0.0408,0.8582,-0.0090,-1.1041,-0.0507,7.6981,17.9106,-24.7947
OSD,2,60.0721,1.9844,61.3312,2.1424,1,0.40,24.2199,184.2945,0.0450,0.1820,0.0000,,0.6503,0.1976,0.0413
OSF,6,56.6553,34.7343,58.1460,8.4561,35,14.11,1.5126,-7.5409,-0.0098,0.2103,0.0000,0.6963,11.3820,29.9876,0.6611
OSH,7,-3.4463,24.5928,-2.8465,25.4626,61,24.80,-0.0225,-0.0227,0.4846,-0.0028,-1.1399,-0.0187,8.0587,18.7545,-44.5235
OSL,1,54.8830,2.0134,62.8795,2.3558,4,1.61,22.1986,134.8199,0.1328,0.1511,0.0000,30.9721,0.6598,0.3163,0.0450
OTF,2,49.6864,1.6699,36.9280,1.7718,0,0.00,24.6725,194.2414,-0.0855,0.1744,0.0000,,0.5472,0.0000,0.0405
OTK,2,39.4906,10.1744,40.9867,1.3993,64,25.81,3.3903,3.0659,0.8641,0.0166,39.9189,3.9436,3.3340,6.3834,0.2950
OYL,1,58.1358,1.9351,57.9308,1.6108,2,0.81,24.1945,194.9416,1.0997,-0.0179,42.5730,0.0000,0.6341,0.0845,0.0413
OYT,6,57.3774,1.7216,53.5454,8.4723,1,0.40,26.9070,218.7740,0.0466,0.1757,0.0000,,0.5641,0.0069,0.0372
PLS,7,29.8189,6.5416,24.2252,4.6086,40,16.13,4.1048,1.7641,0.3520,0.0755,76.2747,4.0940,2.1436,3.4200,0.2436
PPD,7,6.2223,24.1839,-1.6657,25.3838,117,47.18,0.3769,0.3180,0.9044,0.0307,10.0780,0.4548,7.9247,18.3475,2.6533
PPF,2,43.5088,7.0283,55.0789,8.4667,73,29.44,5.2825,-9.7148,0.0549,0.1375,0.0000,5.5121,2.3031,4.4322,0.1893
PRC,2,55.4841,1.8128,35.7226,1.3144,0,0.00,24.8720,206.5136,0.7504,0.0860,60.0872,,0.5940,0.0000,0.0402
PRS,2,57.5872,2.0030,52.5786,5.1482,2,0.81,23.1972,155.5389,0.1091,0.1656,0.0000,20.4325,0.6564,0.2210,0.0431
PUC,2,59.7621,2.1995,53.5454,8.4723,2,0.81,21.7636,48.3938,0.0588,0.1797,0.0000,8.5912,0.7208,0.5509,0.0459
PUD,6,27.5526,5.6661,21.4114,4.7476,69,30.13,4.7778,-9.5027,0.8146,0.0377,33.2326,5.5107,1.8567,3.2113,0.2093
PUR,1,59.9439,1.9287,53.5454,8.4723,0,0.00,24.8775,216.0309,0.0585,0.1801,0.0000,,0.6320,0.0000,0.0402
PUT,6,60.0814,4.0957,53.5454,8.4723,52,20.97,11.7520,33.6444,0.1125,0.1713,0.0000,22.8230,1.3421,1.3385,0.0851
RBA,6,82.2765,16.7087,71.9466,19.8433,93,37.50,3.7533,4.6980,0.7295,0.0829,85.9617,5.8273,5.4752,9.7402,0.2664
RBH,5,16.8499,21.7361,8.8130,21.7445,109,43.95,0.8406,0.6200,0.9691,0.0302,18.8535,1.0353,7.1226,16.2078,1.1896
RBK,4,35.8971,3.5892,28.6835,4.2111,38,15.32,8.7420,-179.7753,0.6278,0.0602,49.9795,19.1994,1.1761,0.8349,0.1144
RBT,1,50.8805,1.7181,30.9418,2.8245,0,0.00,24.4544,176.3470,-0.1415,0.1822,0.0000,,0.5630,0.0000,0.0409
RBV,1,50.2127,1.7404,36.9280,1.7718,2,0.81,23.8804,162.5682,-0.1113,0.1791,0.0000,19.7733,0.5703,0.2131,0.0419
SBS,,29.9575,4.6242,22.9966,4.6020,65,26.21,5.8073,-41.3586,0.8963,0.0310,29.9594,8.9005,1.5153,1.9076,0.1722
SKT,1,52.9610,2.0276,53.0224,1.6213,5,2.02,21.4140,103.8456,0.1725,0.1425,0.0000,21.8810,0.6644,0.3924,0.0467
SLF,1,58.9227,1.9556,56.6314,1.3465,0,0.00,24.1997,200.3824,1.0264,0.0011,46.1080,,0.6408,0.0000,0.0413
SPA,5,30.9190,4.5439,22.9966,4.6020,25,10.08,6.0747,-22.2622,0.6509,0.0547,42.4077,12.7775,1.4890,0.8498,0.1646
SPD,5,30.9578,5.1381,22.9966,4.6020,29,11.69,5.3836,-16.2760,0.7270,0.0485,38.0504,8.7316,1.6837,1.3388,0.1857
SPE,5,32.8487,4.2989,22.9966,4.6020,52,20.97,6.7663,-8.3152,0.5681,0.0676,51.2001,7.3977,1.4087,2.0622,0.1478
SPN,2,52.5198,3.5185,57.6084,1.7354,47,18.95,12.2680,30.6014,-0.4081,0.2466,0.0000,23.5917,1.1530,1.1810,0.0815
SRO,7,-17.5686,39.1917,55.0789,8.4667,81,32.66,-0.3047,-0.3477,0.1986,-0.0830,-60.1418,-0.3060,12.8426,28.2728,-3.2818
SSO,4,64.1790,2.4414,53.5454,8.4723,6,2.42,20.7514,-429.7896,0.0527,0.1918,0.0000,7.5646,0.8000,1.1373,0.0482
ST1,7,-7.7511,34.2832,0.9786,24.1109,117,47.18,-0.0657,-0.0673,1.2996,-0.0292,-1.7328,-0.0774,11.2342,26.7375,-15.2236
STS,,30.2803,4.4976,22.9966,4.6020,61,24.60,6.0257,-56.1589,0.8995,0.0318,30.1289,10.0528,1.4738,1.6818,0.1660
STZ,,21.3315,21.9603,2.3680,22.9353,116,46.77,1.0090,0.7236,0.9220,0.0695,24.0342,1.3013,7.1961,15.8618,0.9910
SUA,3,47.4320,3.1855,53.5454,1.7595,38,15.32,12.4587,-42.7727,0.7267,0.0312,54.6122,11.8190,1.0438,1.5402,0.0803
SUB,6,6.5162,21.6594,53.5454,1.7595,126,50.81,0.4059,0.3882,-0.3169,0.0900,-27.7424,0.5428,7.0975,15.7994,2.4634
SUC,6,30.0926,14.5308,53.5454,1.7595,104,41.94,1.9204,1.3215,-0.3050,0.1638,-91.4906,2.3882,4.7615,9.6595,0.5207
TAO,3,45.8747,9.4169,53.5454,1.7595,98,39.52,4.1407,4.8193,0.4841,0.0706,80.5434,6.4434,3.0858,5.4991,0.2415
TBT,3,14.1039,12.9200,28.5440,8.6950,107,43.15,1.1067,0.5815,1.3563,-0.0832,10.5431,1.2617,4.2337,9.1367,0.9035
TCA,6,83.9739,17.7351,71.9466,19.8433,94,37.90,3.5995,3.3439,0.6891,0.0966,92.6332,5.1367,5.8116,10.6602,0.2778
TCC,6,23.4945,11.4969,28.1619,5.5224,103,41.53,1.9306,1.8480,0.6195,0.0255,35.8319,2.6573,3.7674,7.4665,0.5180
TCI,2,64.7731,81.1251,56.2775,8.9122,7,2.82,0.9829,-3.7105,0.0340,0.3102,0.0000,0.3269,26.5837,41.0450,1.0174
TCS,6,0.5359,25.9097,23.4378,13.5685,121,48.79,0.1519,0.1437,1.6751,-0.1334,2.3492,0.1898,8.4903,19.6615,6.5840
TDP,6,27.3371,4.6611,29.8098,6.1785,76,30.65,5.3152,-73.6921,0.4697,0.0483,52.7421,15.2000,1.5274,1.2405,0.1881
TE3,2,45.1819,5.8059,53.5454,1.7595,38,15.32,6.5854,-54.9536,0.8314,0.0072,45.9883,4.1722,1.9025,3.9884,0.1519
TFF,6,37.9808,24.9384,29.8661,34.1573,98,39.52,1.4418,1.1698,0.1332,0.1256,0.0000,1.8258,8.1720,16.7506,0.6936
TGA,5,23.8636,14.2874,62.0024,1.9838,113,45.56,1.6004,1.0735,-0.4026,0.1695,-56.7960,2.0621,4.6818,9.9847,0.6249
TGT,2,53.8454,1.8882,53.4170,1.5031,3,1.21,23.3054,163.5907,0.2603,0.1295,0.0000,75.2733,0.6187,0.2098,0.0429
TI1,2,58.3269,1.9280,59.6139,1.6172,1,0.40,24.3472,201.8830,1.1471,-0.0311,40.9231,,0.6318,0.0033,0.0411
TIP,6,7.8721,3.2430,7.7227,3.1839,39,33.33,5.0937,8.1289,0.9537,0.0042,17.3214,8.2517,1.0627,1.6373,0.1963
TIV,1,51.4336,1.9002,52.5300,1.6089,4,1.61,22.3093,114.8943,0.1744,0.1384,0.0000,19.3869,0.6227,0.3541,0.0448
TKM,1,58.5432,1.9422,56.5031,1.4351,1,0.40,24.2408,200.0752,1.1600,-0.0238,40.5868,,0.6364,0.0484,0.0413
TLZ,6,-9.1456,23.5546,-1.6657,25.3838,117,47.18,-0.2962,-0.3330,0.8603,-0.0329,-8.1101,-0.3493,7.7186,18.5800,-3.3759
TNI,4,58.1199,5.2153,53.5454,8.4723,48,19.35,8.9975,4.3949,0.0356,0.1800,0.0000,10.4424,1.7090,2.5676,0.1111
TNK,1,52.0053,2.0337,49.5955,2.0617,7,2.82,21.0352,29.8859,0.2483,0.1292,0.0000,14.8407,0.6664,0.5719,0.0475
TOT,1,54.5906,1.8379,55.5061,1.3826,1,0.40,24.2120,200.0855,0.0507,0.1675,0.0000,,0.6022,0.0452,0.0413
TPC,6,40.5881,11.3283,53.3569,8.4894,108,43.55,3.1266,3.1784,0.1220,0.1192,0.0000,4.5816,3.7121,7.0105,0.3198
TPJ,6,31.3940,3.7305,30.2693,4.7879,56,22.58,7.4896,-25.6237,0.7329,0.0320,38.1252,9.7914,1.2224,1.6909,0.1335
TPL,6,29.1702,3.7614,28.7871,4.6519,64,25.81,6.9649,-5.4989,0.7001,0.0319,37.4203,9.7991,1.2326,1.7830,0.1436
TPP,6,51.8797,15.9212,53.5454,8.4723,50,20.16,2.7586,0.5110,0.0495,0.1656,0.0000,3.1374,5.2172,8.4619,0.3625
TPZ,6,32.9032,3.9402,29.6001,4.5452,51,20.56,7.3890,-122.9346,0.8511,0.0258,34.2064,15.6595,1.2911,1.1024,0.1353
TSI,1,53.3695,1.9385,52.5300,1.6089,4,1.61,22.5384,135.4408,0.1971,0.1396,0.0000,22.7313,0.6352,0.2976,0.0444
TSP,5,30.9263,6.0212,22.9966,4.6020,72,29.03,4.5983,-6.6857,0.7874,0.0435,35.1610,5.0361,1.9731,3.6297,0.2175
TUA,6,76.0268,17.1507,75.3499,22.0385,106,42.74,3.4527,5.1713,0.6383,0.0836,92.7770,6.1027,5.6201,9.5274,0.2896
TYH,6,-0.4051,25.6471,0.9786,24.1109,124,50.00,0.1130,0.1097,1.0261,-0.0045,2.8256,0.1466,8.4042,19.1240,8.8463
TZC,6,-5.9780,23.6239,40.1621,6.3539,119,47.98,-0.1472,-0.1534,1.3508,-0.1996,-2.5740,-0.1835,7.7412,17.9842,-6.7946
TZD,6,2.8448,29.4307,1.8078,22.8465,115,46.37,0.2462,0.2253,1.2025,0.0075,6.0250,0.2995,9.6441,22.3804,4.0621
TZL,1,58.8551,1.9611,58.4259,1.5175,1,0.40,24.1103,198.0407,1.2182,-0.0396,38.8123,,0.6426,0.0488,0.0415
TZT,3,36.1642,7.7033,39.8183,3.8736,47,18.95,4.1295,-14.0492,1.5094,-0.0792,21.0756,2.8708,2.5243,5.6391,0.2422
TZV,1,53.0173,2.2234,52.7772,1.5925,7,2.82,19.5471,-13.8634,0.4375,0.0973,99.3451,13.5253,0.7286,0.7354,0.0512
UPD,6,25.9987,3.8966,24.2252,4.6086,59,23.79,6.0730,-47.9943,0.7969,0.0236,29.6939,11.9807,1.2769,1.3893,0.1647
UPH,6,0.4327,26.3158,-0.9421,24.1200,125,50.40,0.1493,0.1440,1.0639,0.0073,3.6921,0.1967,8.6233,19.5529,6.6998
UPP,2,58.8640,1.9752,57.1484,2.1520,2,0.81,23.9414,186.1627,0.5670,0.0838,83.4072,62.6760,0.6472,0.1638,0.0418
UPS,6,23.7564,17.3977,24.2252,4.6086,82,33.06,1.3370,-3.8024,0.9624,0.0073,24.1687,1.1938,5.7010,11.5050,0.7479
USY,6,23.3354,14.8401,,,107,43.15,1.5165,1.6235,,,,2.3009,4.8629,10.1137,0.6594
VEB,5,25.6441,11.4946,41.1164,1.3973,100,40.32,2.0846,0.9180,0.3944,0.0400,60.7534,2.5493,3.7666,8.0717,0.4797
VED,2,51.9293,1.7985,42.5257,1.3879,0,0.00,23.7546,184.5018,1.2821,-0.0146,33.3233,,0.5894,0.0000,0.0421
VEE,7,11.5413,20.2209,61.9969,1.9835,112,45.16,0.6529,0.5204,0.0978,0.0333,0.0000,0.8047,6.6261,15.0534,1.5316
VEG,5,27.8189,4.4745,31.4289,4.2172,76,30.65,5.6214,-0.8804,0.8756,0.0026,28.7282,8.7194,1.4662,2.2215,0.1779
VEH,6,5.3632,24.7691,3.6765,22.8384,124,50.00,0.3399,0.3100,1.0647,0.0068,7.9079,0.4364,8.1165,18.2879,2.9420
VEI,5,24.5332,13.7353,13.8887,11.6323,114,45.97,1.6993,0.4781,1.1208,0.0306,20.8244,2.0751,4.5009,9.7125,0.5885
VEK,4,28.7838,8.8097,33.0861,5.3705,88,35.48,2.9750,1.3550,1.3247,-0.0501,19.7857,3.6757,2.8868,5.9591,0.3361
VEL,2,59.8545,2.0914,56.0650,1.5549,3,1.21,22.9156,172.1147,1.1870,-0.0240,40.3744,48.6405,0.6853,0.1402,0.0436
VEO,6,22.9832,16.0294,45.3444,1.3727,109,43.95,1.3977,0.7970,0.1479,0.0665,0.0000,1.7287,5.2526,11.5961,0.7155
VEP,3,48.7076,3.0873,55.0789,8.4667,37,14.92,13.1391,2.8226,0.0350,0.1547,0.0000,16.3410,1.0117,1.2132,0.0761
VER,4,22.5730,11.0441,21.1100,8.4240,102,41.13,1.9362,1.1215,1.1678,-0.0074,18.3117,2.4137,3.6190,7.8155,0.5165
VES,3,49.5436,2.7040,36.2889,4.5089,21,8.47,15.2096,10.7899,0.3791,0.1155,0.0000,15.1270,0.8861,0.9671,0.0657
VET,5,29.9992,5.4560,34.2877,5.1306,81,32.66,4.9357,-4.4891,0.9869,-0.0115,27.2856,6.0465,1.7879,3.1340,0.2026
VEU,3,44.1355,4.1408,61.9969,1.9835,61,24.60,9.0348,10.6648,0.7937,-0.0068,47.1340,14.4190,1.3569,1.6422,0.1107
VEV,5,27.1700,14.5005,55.8457,8.4639,106,42.74,1.7645,1.0364,0.0135,0.0991,0.0000,2.1457,4.7516,10.3069,0.5667
VEY,1,30.8334,13.7548,40.8623,1.3523,91,36.69,2.0634,1.0130,1.0499,-0.0331,27.0324,2.4063,4.5073,9.7787,0.4846
VGA,6,83.8425,16.0830,71.9466,19.8433,96,38.71,3.9473,4.9820,0.5822,0.1195,0.0000,6.1983,5.2702,9.2790,0.2533
VGB,3,19.7415,7.4848,27.2929,3.4341,97,39.11,2.4941,0.7770,1.3305,-0.0563,14.0308,2.9250,2.4527,5.3496,0.4009
VGC,5,12.8190,18.8026,56.6125,8.4613,119,47.98,0.7490,0.6263,-0.0099,0.0577,0.0000,0.9737,6.1614,13.7779,1.3352
VGD,6,79.5806,16.9676,69.6460,18.5907,92,37.10,3.6088,2.8818,0.6461,0.1002,94.7802,5.0351,5.5601,10.2715,0.2771
VGE,6,15.4495,18.0135,28.4890,7.3899,116,46.77,0.9041,0.8069,2.1085,-0.1518,7.7239,1.1699,5.9028,13.0178,1.1061
VGF,6,12.1843,21.8598,58.1460,8.4561,128,51.61,0.6467,0.5322,0.0128,0.0537,0.0000,0.8387,7.1632,16.0687,1.5463
VGG,4,31.5015,13.1910,43.2304,1.3837,100,40.32,2.1852,1.2991,0.9240,-0.0202,31.1948,2.6313,4.3225,9.2888,0.4576
VGH,5,27.8438,14.4521,43.9351,1.3797,105,42.34,1.8073,1.0924,0.5477,0.0228,47.6853,2.2833,4.7358,10.2619,0.5533
VGK,4,27.3621,6.3907,43.2304,1.3837,90,36.29,3.8949,2.4637,0.8852,-0.0301,28.1188,5.0727,2.0942,4.0073,0.2567
VGP,6,11.6621,27.9364,,,121,48.79,0.5430,0.5163,,,,0.7508,9.1544,20.1972,1.8415
VGT,4,33.2710,13.5616,56.6114,1.7418,108,43.55,2.2296,1.7828,-0.3197,0.1781,-94.5846,3.1316,4.4440,8.8320,0.4485
VGY,4,21.5198,11.2832,56.6114,1.7418,118,47.58,1.8193,1.8464,0.2602,0.0341,78.8960,2.6832,3.6973,7.6143,0.5496
VGZ,4,30.8736,6.5140,55.8457,8.4639,87,35.08,4.2489,0.3881,0.0265,0.1050,0.0000,5.3763,2.1346,3.9638,0.2354
VK6,1,59.2008,1.9639,58.4259,1.5175,1,0.40,24.1891,196.1526,1.2185,-0.0387,38.9858,,0.6435,0.0913,0.0413
VKE,1,55.5477,1.8091,33.9660,1.5445,0,0.00,24.9453,211.3435,0.3751,0.1346,0.0000,,0.5928,0.0000,0.0401
VKJ,2,59.0458,2.0102,52.5786,5.1482,3,1.21,23.5831,179.8858,0.1083,0.1695,0.0000,68.4437,0.6587,0.1099,0.0424
VKT,1,54.0058,2.3004,52.7772,1.5925,9,3.63,19.1800,-71.5077,0.4293,0.1013,0.0000,12.2057,0.7538,0.8501,0.0521
VVA,6,8.8001,22.2422,58.1460,8.4561,118,47.58,0.4988,0.4341,-0.0318,0.0500,0.0000,0.6520,7.2885,16.2340,2.0050
VVD,5,22.4646,15.6841,56.6125,8.4613,116,46.77,1.3974,0.8839,-0.0088,0.0886,0.0000,1.8376,5.1395,11.0754,0.7156
VVE,4,28.6301,12.4923,55.8457,8.4639,109,43.95,2.1197,1.0372,0.0055,0.1041,0.0000,2.7658,4.0936,8.4799,0.4718
VVM,2,47.3783,3.7801,55.0789,8.4667,42,16.94,10.4947,-61.0840,0.0548,0.1476,0.0000,8.9865,1.2387,2.1119,0.0953
VVU,5,27.1246,13.9134,43.9351,1.3797,104,41.94,1.8304,0.9773,0.3859,0.0441,65.9957,2.2617,4.5593,9.8569,0.5463
VVZ,5,24.0646,16.3491,45.3444,1.3727,106,42.74,1.4283,0.7001,0.1626,0.0680,0.0000,1.7185,5.3574,11.9216,0.7001
VYB,6,4.3954,22.1364,18.4154,20.8282,115,46.37,0.3098,0.2783,1.0295,-0.0522,6.6620,0.3783,7.2538,16.7853,3.2277
YAK,4,23.1512,10.8526,20.9613,8.9420,112,45.16,2.0129,-0.2450,1.1517,-0.0039,18.9678,2.3411,3.5563,7.7494,0.4968
YAS,6,-16.7878,23.8078,,,134,54.03,-0.6683,-0.6588,,,,-1.0131,7.8015,17.3702,-1.4962
YBE,5,29.3033,5.9360,33.0275,5.0494,79,31.85,4.4489,-2.9954,1.0281,-0.0146,25.6860,4.8447,1.9452,3.8354,0.2248
YBP,1,47.7032,2.4149,,,21,8.47,16.5031,-99.0490,,,,11.8949,0.7913,1.0733,0.0606
YBS,1,51.9578,1.7340,54.7740,1.4435,2,0.81,24.6496,190.3991,-0.0163,0.1725,0.0000,27.0795,0.5682,0.1481,0.0406
YDI,6,0.7143,24.7584,5.6523,22.3002,125,50.40,0.1541,0.1464,1.0874,-0.0199,3.5090,0.1989,8.1130,18.3864,6.4886
YDK,1,55.9993,2.6456,53.2018,1.5300,16,6.45,17.1771,7.1295,0.2145,0.1432,0.0000,15.9808,0.8669,0.8643,0.0582
YDP,4,25.5475,18.9142,53.5454,1.7595,118,47.58,1.3223,1.2440,-0.5572,0.1961,-44.8841,1.8453,6.1979,13.0619,0.7563
YEF,6,1.8342,26.1276,5.4490,24.1655,118,47.58,0.2025,0.1932,1.0787,-0.0147,4.9050,0.2641,8.5617,19.2940,4.9380
YFV,2,44.5887,2.0579,35.8887,2.2808,18,7.26,18.3043,63.2299,-0.1235,0.1648,0.0000,25.7063,0.6743,0.5043,0.0546
YHS,6,1.9766,26.2287,3.6765,22.8384,124,50.00,0.2082,0.1980,1.1303,-0.0066,4.8308,0.2727,8.5948,19.3420,4.8034
YHT,1,51.7319,2.1011,,,15,6.05,20.2735,106.6611,,,,48.0378,0.6885,0.3509,0.0493
YKS,1,46.2431,6.7863,78.1667,1.9270,84,33.87,5.7525,4.1219,0.3363,0.0762,0.0000,8.3452,2.2238,3.6390,0.1738
YKT,6,77.9127,18.5592,75.3499,22.0385,102,41.13,3.2631,3.9533,0.6927,0.0760,87.4205,5.0115,6.0816,11.1696,0.3065
YLB,2,58.5457,1.9741,58.1436,1.4870,2,0.81,23.8503,184.9356,1.2660,-0.0483,37.1917,33.7506,0.6469,0.1434,0.0419
YOA,5,30.8933,4.4680,22.9966,4.6020,66,26.61,6.1728,-21.1283,0.7457,0.0466,36.9836,7.4241,1.4641,2.2862,0.1620
YOT,3,31.5362,6.8441,55.8121,2.5090,86,34.68,4.1226,-2.4790,0.7199,-0.0175,39.1911,4.5315,2.2427,4.4144,0.2426
YPF,6,16.6545,15.9626,61.2129,8.4464,81,32.66,1.0649,0.6968,-0.0202,0.0714,0.0000,1.0302,5.2307,11.8153,0.9391
YPK,5,34.2820,12.4491,61.9969,1.9835,74,29.84,2.4794,-1.4399,0.7941,-0.0328,38.8681,2.3248,4.0794,8.5613,0.4033
YPL,5,28.8461,4.2798,28.3478,4.6604,64,25.81,6.0661,-33.1829,0.8076,0.0210,32.1486,8.6142,1.4024,1.8792,0.1649
YPP,7,-5.7824,21.8038,,,125,50.40,-0.1692,-0.1745,,,,-0.2281,7.1448,16.1966,-5.9098
YRO,6,8.6735,6.3937,6.9484,3.2450,0,0.00,3.0962,-1.3503,-0.1483,0.0879,0.0000,,2.0951,0.0000,0.3230
YSF,5,28.4667,4.0217,31.1468,4.5061,62,25.00,6.3778,-49.4307,0.8611,0.0069,29.7885,11.8304,1.3179,1.4415,0.1568
YSU,4,31.9254,9.3099,22.6416,7.9942,100,40.32,3.0846,-2.5352,1.0933,0.0222,26.2673,3.5262,3.0507,6.3303,0.3242
ZBD,4,11.3382,14.3759,55.8449,1.7459,116,46.77,0.8345,0.6329,0.4714,-0.0372,25.4485,1.0176,4.7108,10.6909,1.1984
ZHB,6,3.5136,22.7739,8.9166,19.6307,120,48.39,0.2688,0.2624,1.1358,-0.0237,5.3896,0.3740,7.4627,16.4757,3.7202
ZHD,6,27.7246,4.3901,29.6001,4.5452,68,27.42,5.7112,-73.0678,0.9554,-0.0012,26.2424,13.0821,1.4386,1.3293,0.1751
ZHE,6,13.9697,18.5893,61.9969,1.9835,111,44.76,0.8117,0.4035,0.0542,0.0493,0.0000,0.9134,6.0915,14.1034,1.2320
ZHF,3,39.1798,3.9096,41.1164,1.3973,57,22.98,8.6525,-1.8660,0.9169,0.0063,36.8947,10.4339,1.2811,2.0749,0.1156
ZHG,3,26.1666,7.1799,31.3061,5.9125,81,32.66,3.3402,-5.3601,1.1279,-0.0300,21.2636,3.2227,2.3528,4.9330,0.2994
ZPC,4,27.2494,13.6893,40.1621,6.3539,110,44.35,1.8654,0.9795,0.7248,0.0016,35.2326,2.3876,4.4858,9.5991,0.5361
ZPE,6,7.4918,22.9583,18.4154,20.8282,115,46.37,0.4368,0.3768,1.0725,-0.0429,9.3505,0.5295,7.5231,17.3540,2.2893
ZPF,6,31.3492,3.7742,29.9915,4.5443,49,19.76,7.3939,-116.5295,0.8169,0.0236,34.1629,16.2149,1.2368,1.0208,0.1352
ZPG,2,49.7938,1.6582,25.8248,3.3836,0,0.00,24.8906,175.6703,-0.0893,0.1721,0.0000,,0.5434,0.0000,0.0402
ZPK,1,51.2578,1.7218,38.2012,1.6520,0,0.00,24.5491,187.6542,-0.1123,0.1825,0.0000,,0.5642,0.0000,0.0407
